episode_hash,split,manifest_task,relative_path,span_index,start_idx,end_idx,duration_sec,text_normalized
696b0c713e1499d81d87bbb2,train,wrapping_objects,full/human/mecka/1e/696b0c713e1499d81d87bbb2.zarr,0,0,279,9.3,"peel tape, adjust tape, adjust tube"
696b0c713e1499d81d87bbb2,train,wrapping_objects,full/human/mecka/1e/696b0c713e1499d81d87bbb2.zarr,1,279,710,14.367,"adjust tape, adjust tube"
696b0c713e1499d81d87bbb2,train,wrapping_objects,full/human/mecka/1e/696b0c713e1499d81d87bbb2.zarr,2,710,1130,14.0,adjust pink ribbon around the tube
696b0c713e1499d81d87bbb2,train,wrapping_objects,full/human/mecka/1e/696b0c713e1499d81d87bbb2.zarr,3,1130,1760,21.0,secure pink ribbon with tape
696b0c713e1499d81d87bbb2,train,wrapping_objects,full/human/mecka/1e/696b0c713e1499d81d87bbb2.zarr,4,1760,1989,7.633,"pick up blade, cut tape with blade, drop blade on workbench"
696b0c713e1499d81d87bbb2,train,wrapping_objects,full/human/mecka/1e/696b0c713e1499d81d87bbb2.zarr,5,1989,2386,13.233,attach pink ribbon to tube
696b19a2f8e8293f615f75e9,train,cleaning_sachets,full/human/mecka/33/696b19a2f8e8293f615f75e9.zarr,0,0,120,4.0,"adjust red sachet on table, pick up cloth, adjust brown sachet"
696b19a2f8e8293f615f75e9,train,cleaning_sachets,full/human/mecka/33/696b19a2f8e8293f615f75e9.zarr,1,120,373,8.433,move sachets on table
696b19a2f8e8293f615f75e9,train,cleaning_sachets,full/human/mecka/33/696b19a2f8e8293f615f75e9.zarr,2,373,1029,21.867,wipe red sachets with cloth
696b19a2f8e8293f615f75e9,train,cleaning_sachets,full/human/mecka/33/696b19a2f8e8293f615f75e9.zarr,3,1029,1686,21.9,wipe red sachets with cloth
696b19a2f8e8293f615f75e9,train,cleaning_sachets,full/human/mecka/33/696b19a2f8e8293f615f75e9.zarr,4,1686,2343,21.9,"wipe red sachets with cloth, place cloth on table, flip red sachets, pick up cloth and wipe sachets"
696b19a2f8e8293f615f75e9,train,cleaning_sachets,full/human/mecka/33/696b19a2f8e8293f615f75e9.zarr,5,2343,2983,21.333,"wipe red sachets with cloth, place cloth on table, flip sachets, pick up cloth"
696b4af2f20f919514c6f145,train,knitting,full/human/mecka/af/696b4af2f20f919514c6f145.zarr,0,0,300,10.0,"crochet a yarn with needle, pull fabric tension"
696b4af2f20f919514c6f145,train,knitting,full/human/mecka/af/696b4af2f20f919514c6f145.zarr,1,300,570,9.0,"crochet a yarn with needle, pull fabric tension"
696b4af2f20f919514c6f145,train,knitting,full/human/mecka/af/696b4af2f20f919514c6f145.zarr,2,570,860,9.667,"crochet a yarn with needle, pull fabric tension"
696b4af2f20f919514c6f145,train,knitting,full/human/mecka/af/696b4af2f20f919514c6f145.zarr,3,860,1440,19.333,"crochet a yarn with needle, pull fabric tension"
696b4af2f20f919514c6f145,train,knitting,full/human/mecka/af/696b4af2f20f919514c6f145.zarr,4,1440,1800,12.0,crochet a yarn with needle
696b4af2f20f919514c6f145,train,knitting,full/human/mecka/af/696b4af2f20f919514c6f145.zarr,5,1800,2090,9.667,crochet a yarn with needle
696b4af2f20f919514c6f145,train,knitting,full/human/mecka/af/696b4af2f20f919514c6f145.zarr,6,2090,2490,13.333,"loop yarn, crochet a yarn with needle"
696b4af2f20f919514c6f145,train,knitting,full/human/mecka/af/696b4af2f20f919514c6f145.zarr,7,2490,2790,10.0,"crochet a yarn with needle, pull fabric tension"
696b4af2f20f919514c6f145,train,knitting,full/human/mecka/af/696b4af2f20f919514c6f145.zarr,8,2790,2986,6.533,crochet a yarn with needle
696b59621376c8db5e314fb9,train,assembling_signs,full/human/mecka/99/696b59621376c8db5e314fb9.zarr,0,0,93,3.1,"apply glue to green object, place glue bottle on table"
696b59621376c8db5e314fb9,train,assembling_signs,full/human/mecka/99/696b59621376c8db5e314fb9.zarr,1,93,603,17.0,press white strip onto green object
696b59621376c8db5e314fb9,train,assembling_signs,full/human/mecka/99/696b59621376c8db5e314fb9.zarr,2,603,756,5.1,"apply glue to green object, place glue bottle on table"
696b59621376c8db5e314fb9,train,assembling_signs,full/human/mecka/99/696b59621376c8db5e314fb9.zarr,3,756,1466,23.667,press white strip onto green object
696b59621376c8db5e314fb9,train,assembling_signs,full/human/mecka/99/696b59621376c8db5e314fb9.zarr,4,1466,1623,5.233,"apply glue to green object, place glue bottle on table"
696b59621376c8db5e314fb9,train,assembling_signs,full/human/mecka/99/696b59621376c8db5e314fb9.zarr,5,1623,1970,11.567,press white strip onto green object
696b59621376c8db5e314fb9,train,assembling_signs,full/human/mecka/99/696b59621376c8db5e314fb9.zarr,6,1970,2118,4.933,"apply glue to green object, place glue bottle on table"
696b59621376c8db5e314fb9,train,assembling_signs,full/human/mecka/99/696b59621376c8db5e314fb9.zarr,7,2118,2983,28.833,press white strip onto green object
696b80331e187f32c5eb5895,train,trimming_threads,full/human/mecka/f6/696b80331e187f32c5eb5895.zarr,0,0,1650,55.0,trim fastener with scissors
696b80331e187f32c5eb5895,train,trimming_threads,full/human/mecka/f6/696b80331e187f32c5eb5895.zarr,1,1650,1749,3.3,strighnten pouch
696b80331e187f32c5eb5895,train,trimming_threads,full/human/mecka/f6/696b80331e187f32c5eb5895.zarr,2,1749,1890,4.7,close pouch
696b80331e187f32c5eb5895,train,trimming_threads,full/human/mecka/f6/696b80331e187f32c5eb5895.zarr,3,1890,1970,2.667,pick up plastic bag
696b80331e187f32c5eb5895,train,trimming_threads,full/human/mecka/f6/696b80331e187f32c5eb5895.zarr,4,1970,2180,7.0,open and close plastic bag
696b80331e187f32c5eb5895,train,trimming_threads,full/human/mecka/f6/696b80331e187f32c5eb5895.zarr,5,2180,2310,4.333,pick up packaged pouch from table
696b80331e187f32c5eb5895,train,trimming_threads,full/human/mecka/f6/696b80331e187f32c5eb5895.zarr,6,2310,2700,13.0,secure paper wrap to pouch
696b80331e187f32c5eb5895,train,trimming_threads,full/human/mecka/f6/696b80331e187f32c5eb5895.zarr,7,2700,2968,8.933,insert pouch into plastic sleeve
696b831a93818b7b258ebed1,train,sorting_tackle,full/human/mecka/a8/696b831a93818b7b258ebed1.zarr,0,0,1204,40.133,transfer air gun pellets from hand to container
696b831a93818b7b258ebed1,train,sorting_tackle,full/human/mecka/a8/696b831a93818b7b258ebed1.zarr,1,1204,2409,40.167,transfer air gun pellets from hand to container
696b831a93818b7b258ebed1,train,sorting_tackle,full/human/mecka/a8/696b831a93818b7b258ebed1.zarr,2,2409,2754,11.5,picks up air gun pellets from tray into hand
696b831a93818b7b258ebed1,train,sorting_tackle,full/human/mecka/a8/696b831a93818b7b258ebed1.zarr,3,2754,2973,7.3,"transfer air gun pellet from hand to container, pick up air gun pellet from container to container"
696b831a93818b7b258ebed1,train,sorting_tackle,full/human/mecka/a8/696b831a93818b7b258ebed1.zarr,4,2973,3586,20.433,transfer air gun pellets from hand to container
696b838ad3cc9dc76c561443,train,organizing_items,full/human/mecka/34/696b838ad3cc9dc76c561443.zarr,0,0,73,2.433,"place stack of cloths on table, pick up cloth from stack"
696b838ad3cc9dc76c561443,train,organizing_items,full/human/mecka/34/696b838ad3cc9dc76c561443.zarr,1,73,173,3.333,unfold cloth and place on table
696b838ad3cc9dc76c561443,train,organizing_items,full/human/mecka/34/696b838ad3cc9dc76c561443.zarr,2,173,325,5.067,"adjust cloth on table, pick up cloth from stack and unfold"
696b838ad3cc9dc76c561443,train,organizing_items,full/human/mecka/34/696b838ad3cc9dc76c561443.zarr,3,325,597,9.067,"place cloth on table and unfold, smooth cloth"
696b838ad3cc9dc76c561443,train,organizing_items,full/human/mecka/34/696b838ad3cc9dc76c561443.zarr,4,597,1833,41.2,"pick up cloth from stack, unfold and place cloth on table, unfold and adjust cloth"
696b838ad3cc9dc76c561443,train,organizing_items,full/human/mecka/34/696b838ad3cc9dc76c561443.zarr,5,1833,2314,16.033,"pick up cloth from stack, unfold and place cloth on table, unfold and adjust cloth"
696b9ee479bc0402722c2216,train,packaging_combs,full/human/mecka/fe/696b9ee479bc0402722c2216.zarr,0,0,357,11.9,"insert yellow comb into plastic bag, place bag on table"
696b9ee479bc0402722c2216,train,packaging_combs,full/human/mecka/fe/696b9ee479bc0402722c2216.zarr,1,357,1680,44.1,"pick up yellow comb, pick up plastic bag from stack, insert comb into plastic bag, place bag on table"
696b9ee479bc0402722c2216,train,packaging_combs,full/human/mecka/fe/696b9ee479bc0402722c2216.zarr,2,1680,2298,20.6,"pick up red comb, pick up plastic bag from stack, pack comb into plastic bag, place comb on table"
696b9ee479bc0402722c2216,train,packaging_combs,full/human/mecka/fe/696b9ee479bc0402722c2216.zarr,3,2298,2683,12.833,"pick up plastic bag, pick up yellow comb, place comb into plastic bag, place comb on table"
696ba1a51e187f32c5eb59f7,train,adding_soil_to_bags,full/human/mecka/4c/696ba1a51e187f32c5eb59f7.zarr,0,0,276,9.2,pick and fill plastic bag with soil
696ba1a51e187f32c5eb59f7,train,adding_soil_to_bags,full/human/mecka/4c/696ba1a51e187f32c5eb59f7.zarr,1,276,909,21.1,"fill plastic bag with soil, adjust soil in plastic bag"
696ba1a51e187f32c5eb59f7,train,adding_soil_to_bags,full/human/mecka/4c/696ba1a51e187f32c5eb59f7.zarr,2,909,1155,8.2,"pick up soil, smooth soil, put soil in plastic bag"
696ba1a51e187f32c5eb59f7,train,adding_soil_to_bags,full/human/mecka/4c/696ba1a51e187f32c5eb59f7.zarr,3,1155,1899,24.8,fill plastic bag with soil
696ba1a51e187f32c5eb59f7,train,adding_soil_to_bags,full/human/mecka/4c/696ba1a51e187f32c5eb59f7.zarr,4,1899,2142,8.1,compact soil in plastic bag
696ba1a51e187f32c5eb59f7,train,adding_soil_to_bags,full/human/mecka/4c/696ba1a51e187f32c5eb59f7.zarr,5,2142,2451,10.3,"adjust plastic bag, pick up soil, smooth soil"
696ba1a51e187f32c5eb59f7,train,adding_soil_to_bags,full/human/mecka/4c/696ba1a51e187f32c5eb59f7.zarr,6,2451,2836,12.833,"fill bag with soil, adjust plastic bag"
696ba85976b41c2326097fa5,train,portioning_powder,full/human/mecka/3a/696ba85976b41c2326097fa5.zarr,0,0,189,6.3,scoop powder into plastic bag using large spoon
696ba85976b41c2326097fa5,train,portioning_powder,full/human/mecka/3a/696ba85976b41c2326097fa5.zarr,1,189,380,6.367,"hold large spoon and plastic bag, place down large spoon, grab small spoon"
696ba85976b41c2326097fa5,train,portioning_powder,full/human/mecka/3a/696ba85976b41c2326097fa5.zarr,2,380,879,16.633,"adjust spoon, scoop powder into plastic bag using small spoon"
696ba85976b41c2326097fa5,train,portioning_powder,full/human/mecka/3a/696ba85976b41c2326097fa5.zarr,3,879,930,1.7,adjust powder with small spoon
696ba85976b41c2326097fa5,train,portioning_powder,full/human/mecka/3a/696ba85976b41c2326097fa5.zarr,4,930,1921,33.033,scoop powder into plastic bag using small spoon
696bb012a5b1694665c19712,train,packaging_nails,full/human/mecka/ea/696bb012a5b1694665c19712.zarr,0,0,1086,36.2,"pick nails from box, place nails in rubber nylon"
696bb012a5b1694665c19712,train,packaging_nails,full/human/mecka/ea/696bb012a5b1694665c19712.zarr,1,1086,1187,3.367,"adjust rubber nylon, pick nails from box, place nails in rubber nylon"
696bb012a5b1694665c19712,train,packaging_nails,full/human/mecka/ea/696bb012a5b1694665c19712.zarr,2,1187,1302,3.833,"adjust rubber nylon, pick nails from box, place nails in rubber nylon"
696bb012a5b1694665c19712,train,packaging_nails,full/human/mecka/ea/696bb012a5b1694665c19712.zarr,3,1302,1410,3.6,"pick nails from box, place nails in rubber nylon"
696bb012a5b1694665c19712,train,packaging_nails,full/human/mecka/ea/696bb012a5b1694665c19712.zarr,4,1410,1512,3.4,"pick nails from box, place nails in rubber nylon"
696bb012a5b1694665c19712,train,packaging_nails,full/human/mecka/ea/696bb012a5b1694665c19712.zarr,5,1512,1590,2.6,"pick nails from box, place nails in rubber nylon"
696bb012a5b1694665c19712,train,packaging_nails,full/human/mecka/ea/696bb012a5b1694665c19712.zarr,6,1590,1692,3.4,"pick nails from box, place nails in rubber nylon"
696bb012a5b1694665c19712,train,packaging_nails,full/human/mecka/ea/696bb012a5b1694665c19712.zarr,7,1692,2403,23.7,"adjust rubber nylon, pick nails from box, place nails in rubber nylon"
696bb012a5b1694665c19712,train,packaging_nails,full/human/mecka/ea/696bb012a5b1694665c19712.zarr,8,2403,2450,1.567,"adjust rubber nylon, pick nails from box, place nails in rubber nylon"
696bb012a5b1694665c19712,train,packaging_nails,full/human/mecka/ea/696bb012a5b1694665c19712.zarr,9,2450,2568,3.933,"adjust rubber nylon, pick nails from box, place nails in rubber nylon"
696bb012a5b1694665c19712,train,packaging_nails,full/human/mecka/ea/696bb012a5b1694665c19712.zarr,10,2568,2622,1.8,adjust rubber nylon
696bb012a5b1694665c19712,train,packaging_nails,full/human/mecka/ea/696bb012a5b1694665c19712.zarr,11,2622,2712,3.0,"pick nails from box, place nails in rubber nylon"
696bb012a5b1694665c19712,train,packaging_nails,full/human/mecka/ea/696bb012a5b1694665c19712.zarr,12,2712,2820,3.6,"pick nails from box, place nails in rubber nylon"
696bb012a5b1694665c19712,train,packaging_nails,full/human/mecka/ea/696bb012a5b1694665c19712.zarr,13,2820,2910,3.0,"pick nails from box, place nails in rubber nylon"
696bb012a5b1694665c19712,train,packaging_nails,full/human/mecka/ea/696bb012a5b1694665c19712.zarr,14,2910,2983,2.433,pick nails from box
696bb301f79f22003e62032b,train,adding_soil_to_pots,full/human/mecka/cf/696bb301f79f22003e62032b.zarr,0,0,879,29.3,"hold pot, scoop soil with trowel, pour soil into pot"
696bb301f79f22003e62032b,train,adding_soil_to_pots,full/human/mecka/cf/696bb301f79f22003e62032b.zarr,1,879,1310,14.367,"scoop soil with trowel, pour soil into pot, place trowel on soil, compact soil in pot"
696bb301f79f22003e62032b,train,adding_soil_to_pots,full/human/mecka/cf/696bb301f79f22003e62032b.zarr,2,1310,1698,12.933,"pick up plant, place plant into pot, compact soil in pot"
696bb301f79f22003e62032b,train,adding_soil_to_pots,full/human/mecka/cf/696bb301f79f22003e62032b.zarr,3,1698,1809,3.7,adjust pot handle
696bb301f79f22003e62032b,train,adding_soil_to_pots,full/human/mecka/cf/696bb301f79f22003e62032b.zarr,4,1809,2018,6.967,"hold pot, pick up trowel, pick up pot, gather soil with trowel, place trowel on soil, place pot on table"
696bb301f79f22003e62032b,train,adding_soil_to_pots,full/human/mecka/cf/696bb301f79f22003e62032b.zarr,5,2018,2079,2.033,pick up pot
696bb301f79f22003e62032b,train,adding_soil_to_pots,full/human/mecka/cf/696bb301f79f22003e62032b.zarr,6,2079,2980,30.033,"hold pot, pick up trowel, scoop soil with trowel, pour soil into pot"
696bb38792c84474ed1b5622,train,portioning_dough,full/human/mecka/3c/696bb38792c84474ed1b5622.zarr,0,0,126,4.2,adjust dough
696bb38792c84474ed1b5622,train,portioning_dough,full/human/mecka/3c/696bb38792c84474ed1b5622.zarr,1,126,222,3.2,adjust dough
696bb38792c84474ed1b5622,train,portioning_dough,full/human/mecka/3c/696bb38792c84474ed1b5622.zarr,2,222,258,1.2,adjust dough
696bb38792c84474ed1b5622,train,portioning_dough,full/human/mecka/3c/696bb38792c84474ed1b5622.zarr,3,258,408,5.0,adjust dough
696bb38792c84474ed1b5622,train,portioning_dough,full/human/mecka/3c/696bb38792c84474ed1b5622.zarr,4,408,549,4.7,adjust dough
696bb38792c84474ed1b5622,train,portioning_dough,full/human/mecka/3c/696bb38792c84474ed1b5622.zarr,5,549,729,6.0,adjust dough
696bb38792c84474ed1b5622,train,portioning_dough,full/human/mecka/3c/696bb38792c84474ed1b5622.zarr,6,729,789,2.0,adjust dough
696bb38792c84474ed1b5622,train,portioning_dough,full/human/mecka/3c/696bb38792c84474ed1b5622.zarr,7,789,846,1.9,adjust dough
696bb38792c84474ed1b5622,train,portioning_dough,full/human/mecka/3c/696bb38792c84474ed1b5622.zarr,8,846,915,2.3,adjust dough
696bb38792c84474ed1b5622,train,portioning_dough,full/human/mecka/3c/696bb38792c84474ed1b5622.zarr,9,915,990,2.5,adjust dough
696bb38792c84474ed1b5622,train,portioning_dough,full/human/mecka/3c/696bb38792c84474ed1b5622.zarr,11,1035,1080,1.5,adjust dough
696bb38792c84474ed1b5622,train,portioning_dough,full/human/mecka/3c/696bb38792c84474ed1b5622.zarr,12,1080,1230,5.0,adjust dough
696bb38792c84474ed1b5622,train,portioning_dough,full/human/mecka/3c/696bb38792c84474ed1b5622.zarr,13,1230,1299,2.3,adjust dough
696bb38792c84474ed1b5622,train,portioning_dough,full/human/mecka/3c/696bb38792c84474ed1b5622.zarr,15,1395,1560,5.5,adjust dough
696bb38792c84474ed1b5622,train,portioning_dough,full/human/mecka/3c/696bb38792c84474ed1b5622.zarr,16,1560,1680,4.0,adjust tool
696bb38792c84474ed1b5622,train,portioning_dough,full/human/mecka/3c/696bb38792c84474ed1b5622.zarr,17,1680,1815,4.5,adjust dough
696bb38792c84474ed1b5622,train,portioning_dough,full/human/mecka/3c/696bb38792c84474ed1b5622.zarr,18,1815,1875,2.0,adjust dough
696bb38792c84474ed1b5622,train,portioning_dough,full/human/mecka/3c/696bb38792c84474ed1b5622.zarr,19,1875,1995,4.0,adjust dough
696bb38792c84474ed1b5622,train,portioning_dough,full/human/mecka/3c/696bb38792c84474ed1b5622.zarr,20,1995,2040,1.5,adjust dough
696bb38792c84474ed1b5622,train,portioning_dough,full/human/mecka/3c/696bb38792c84474ed1b5622.zarr,21,2040,2115,2.5,adjust dough
696bb38792c84474ed1b5622,train,portioning_dough,full/human/mecka/3c/696bb38792c84474ed1b5622.zarr,22,2115,2160,1.5,adjust tool
696bb38792c84474ed1b5622,train,portioning_dough,full/human/mecka/3c/696bb38792c84474ed1b5622.zarr,23,2160,2214,1.8,adjust dough
696bb38792c84474ed1b5622,train,portioning_dough,full/human/mecka/3c/696bb38792c84474ed1b5622.zarr,24,2214,2280,2.2,adjust dough
696bb38792c84474ed1b5622,train,portioning_dough,full/human/mecka/3c/696bb38792c84474ed1b5622.zarr,25,2280,2430,5.0,adjust tool
696bb38792c84474ed1b5622,train,portioning_dough,full/human/mecka/3c/696bb38792c84474ed1b5622.zarr,26,2430,2490,2.0,adjust tool
696bb38792c84474ed1b5622,train,portioning_dough,full/human/mecka/3c/696bb38792c84474ed1b5622.zarr,27,2490,2565,2.5,adjust tool
696bb38792c84474ed1b5622,train,portioning_dough,full/human/mecka/3c/696bb38792c84474ed1b5622.zarr,28,2565,2625,2.0,adjust dough
696bb38792c84474ed1b5622,train,portioning_dough,full/human/mecka/3c/696bb38792c84474ed1b5622.zarr,29,2625,2680,1.833,adjust dough
696bb8de4efa2e122be60246,train,cleaning_shoelaces,full/human/mecka/ce/696bb8de4efa2e122be60246.zarr,0,0,129,4.3,adjust cloth on table
696bb8de4efa2e122be60246,train,cleaning_shoelaces,full/human/mecka/ce/696bb8de4efa2e122be60246.zarr,1,129,270,4.7,adjust shoelace on cloth
696bb8de4efa2e122be60246,train,cleaning_shoelaces,full/human/mecka/ce/696bb8de4efa2e122be60246.zarr,2,270,380,3.667,"pick up brush, shake brush"
696bb8de4efa2e122be60246,train,cleaning_shoelaces,full/human/mecka/ce/696bb8de4efa2e122be60246.zarr,3,380,669,9.633,scrub shoelace with brush
696bb8de4efa2e122be60246,train,cleaning_shoelaces,full/human/mecka/ce/696bb8de4efa2e122be60246.zarr,4,669,813,4.8,adjust shoelace
696bb8de4efa2e122be60246,train,cleaning_shoelaces,full/human/mecka/ce/696bb8de4efa2e122be60246.zarr,5,813,960,4.9,scrub shoelace with brush
696bb8de4efa2e122be60246,train,cleaning_shoelaces,full/human/mecka/ce/696bb8de4efa2e122be60246.zarr,6,960,1190,7.667,adjust shoelace
696bb8de4efa2e122be60246,train,cleaning_shoelaces,full/human/mecka/ce/696bb8de4efa2e122be60246.zarr,7,1190,1250,2.0,dip brush into liquid
696bb8de4efa2e122be60246,train,cleaning_shoelaces,full/human/mecka/ce/696bb8de4efa2e122be60246.zarr,8,1250,1509,8.633,scrub shoelace with brush
696bb8de4efa2e122be60246,train,cleaning_shoelaces,full/human/mecka/ce/696bb8de4efa2e122be60246.zarr,9,1509,1605,3.2,"adjust shoelace, scrub shoelace with brush"
696bb8de4efa2e122be60246,train,cleaning_shoelaces,full/human/mecka/ce/696bb8de4efa2e122be60246.zarr,10,1605,1698,3.1,dip brush into liquid
696bb8de4efa2e122be60246,train,cleaning_shoelaces,full/human/mecka/ce/696bb8de4efa2e122be60246.zarr,11,1698,2083,12.833,scrub shoelace with brush
696bba30316c07a505ec66f9,train,winding_wire,full/human/mecka/84/696bba30316c07a505ec66f9.zarr,0,0,1520,50.667,wind copper wire onto copper wire spool
696bba30316c07a505ec66f9,train,winding_wire,full/human/mecka/84/696bba30316c07a505ec66f9.zarr,1,1520,1629,3.633,adjust copper wire windings
696bba30316c07a505ec66f9,train,winding_wire,full/human/mecka/84/696bba30316c07a505ec66f9.zarr,2,1629,2980,45.033,wind copper wire onto copper wire spool
696bd3a80281c838642f1840,train,packaging_powder,full/human/mecka/6f/696bd3a80281c838642f1840.zarr,0,0,69,2.3,"scoop powder from bowl with spoon, pour plastic pouch with spoon of powder"
696bd3a80281c838642f1840,train,packaging_powder,full/human/mecka/6f/696bd3a80281c838642f1840.zarr,1,69,1632,52.1,"scrape powder with spoon in bowl, scoop powder with spoon, pour plastic pouch with spoon of powder"
696bd3a80281c838642f1840,train,packaging_powder,full/human/mecka/6f/696bd3a80281c838642f1840.zarr,2,1632,2103,15.7,"pick up bowl from table, scrape powder with spoon in bowl, place bowl on table"
696bd3a80281c838642f1840,train,packaging_powder,full/human/mecka/6f/696bd3a80281c838642f1840.zarr,3,2103,2516,13.767,"scoop powder with spoon, pour plastic pouch with spoon of powder"
696bd3a80281c838642f1840,train,packaging_powder,full/human/mecka/6f/696bd3a80281c838642f1840.zarr,4,2516,2600,2.8,"place spoon on bowl, seal plastic bag with fingers"
696bd3a80281c838642f1840,train,packaging_powder,full/human/mecka/6f/696bd3a80281c838642f1840.zarr,5,2600,2648,1.6,place plastic bag into container pile of plastic pouch
696bed30cca65ef14372042f,train,packaging_pet_food,full/human/mecka/cc/696bed30cca65ef14372042f.zarr,0,0,1350,45.0,scoop grain into plastic bag
696bed30cca65ef14372042f,train,packaging_pet_food,full/human/mecka/cc/696bed30cca65ef14372042f.zarr,1,1350,2683,44.433,scoop grain into plastic bag
696c61bc6902ce4cbbd7defe,train,washing_shoes,full/human/mecka/c0/696c61bc6902ce4cbbd7defe.zarr,0,0,189,6.3,scrub top of shoe with toothbrush
696c61bc6902ce4cbbd7defe,train,washing_shoes,full/human/mecka/c0/696c61bc6902ce4cbbd7defe.zarr,1,189,609,14.0,scrub side of shoe with toothbrush
696c61bc6902ce4cbbd7defe,train,washing_shoes,full/human/mecka/c0/696c61bc6902ce4cbbd7defe.zarr,2,609,909,10.0,"rotate shoe, scrub side of shoe with toothbrush"
696c61bc6902ce4cbbd7defe,train,washing_shoes,full/human/mecka/c0/696c61bc6902ce4cbbd7defe.zarr,3,909,1329,14.0,"scrub shoe with toothbrush, adjust shoe, scrub shoe with toothbrush"
696c61bc6902ce4cbbd7defe,train,washing_shoes,full/human/mecka/c0/696c61bc6902ce4cbbd7defe.zarr,4,1329,1640,10.367,scrub top of shoe with toothbrush
696c61bc6902ce4cbbd7defe,train,washing_shoes,full/human/mecka/c0/696c61bc6902ce4cbbd7defe.zarr,5,1640,2310,22.333,scrub shoe with toothbrush
696c61bc6902ce4cbbd7defe,train,washing_shoes,full/human/mecka/c0/696c61bc6902ce4cbbd7defe.zarr,6,2310,2986,22.533,"scrub shoe with toothbrush, rotate shoe, scrub shoe with toothbrush"
696d9f4ae0ac2bc918d467c1,train,packaging_souvenirs,full/human/mecka/5f/696d9f4ae0ac2bc918d467c1.zarr,0,0,305,10.167,"insert green comb into plastic bag, place green comb down"
696d9f4ae0ac2bc918d467c1,train,packaging_souvenirs,full/human/mecka/5f/696d9f4ae0ac2bc918d467c1.zarr,1,305,557,8.4,"pick up plastic bag, adjust plastic bag"
696d9f4ae0ac2bc918d467c1,train,packaging_souvenirs,full/human/mecka/5f/696d9f4ae0ac2bc918d467c1.zarr,2,557,809,8.4,"pick up green comb, insert green comb into plastic bag"
696d9f4ae0ac2bc918d467c1,train,packaging_souvenirs,full/human/mecka/5f/696d9f4ae0ac2bc918d467c1.zarr,3,809,975,5.533,"place green comb down, pick up plastic bag"
696d9f4ae0ac2bc918d467c1,train,packaging_souvenirs,full/human/mecka/5f/696d9f4ae0ac2bc918d467c1.zarr,4,975,1207,7.733,"adjust plastic bag, pick up blue comb"
696d9f4ae0ac2bc918d467c1,train,packaging_souvenirs,full/human/mecka/5f/696d9f4ae0ac2bc918d467c1.zarr,5,1207,1518,10.367,"insert blue comb into plastic bag, place blue comb down"
696d9f4ae0ac2bc918d467c1,train,packaging_souvenirs,full/human/mecka/5f/696d9f4ae0ac2bc918d467c1.zarr,6,1518,1866,11.6,"pick up plastic bag, adjust plastic bag"
696d9f4ae0ac2bc918d467c1,train,packaging_souvenirs,full/human/mecka/5f/696d9f4ae0ac2bc918d467c1.zarr,7,1866,2142,9.2,"pick up blue comb, insert blue comb into plastic bag"
696d9f4ae0ac2bc918d467c1,train,packaging_souvenirs,full/human/mecka/5f/696d9f4ae0ac2bc918d467c1.zarr,8,2142,2265,4.1,"place blue comb down, pick up plastic bag"
696d9f4ae0ac2bc918d467c1,train,packaging_souvenirs,full/human/mecka/5f/696d9f4ae0ac2bc918d467c1.zarr,9,2265,2686,14.033,"adjust plastic bag, pick up blue comb"
696da11064a75ad017733b41,train,arranging_wood_pieces,full/human/mecka/6b/696da11064a75ad017733b41.zarr,0,0,279,9.3,trim wooden piece with utility knife
696da11064a75ad017733b41,train,arranging_wood_pieces,full/human/mecka/6b/696da11064a75ad017733b41.zarr,1,279,414,4.5,"place utility knife on wooden surface, remove wooden pieces"
696da11064a75ad017733b41,train,arranging_wood_pieces,full/human/mecka/6b/696da11064a75ad017733b41.zarr,2,414,819,13.5,"pick up utility knife, trim wooden piece with utility knife"
696da11064a75ad017733b41,train,arranging_wood_pieces,full/human/mecka/6b/696da11064a75ad017733b41.zarr,3,819,1010,6.367,trim wooden piece with utility knife
696da11064a75ad017733b41,train,arranging_wood_pieces,full/human/mecka/6b/696da11064a75ad017733b41.zarr,4,1010,1118,3.6,"place utility knife on wooden surface, remove wooden pieces"
696da11064a75ad017733b41,train,arranging_wood_pieces,full/human/mecka/6b/696da11064a75ad017733b41.zarr,5,1118,1299,6.033,adjust wooden pieces
696da11064a75ad017733b41,train,arranging_wood_pieces,full/human/mecka/6b/696da11064a75ad017733b41.zarr,6,1299,1380,2.7,press wood piece
696da11064a75ad017733b41,train,arranging_wood_pieces,full/human/mecka/6b/696da11064a75ad017733b41.zarr,7,1380,1539,5.3,trim wooden piece with utility knife
696da11064a75ad017733b41,train,arranging_wood_pieces,full/human/mecka/6b/696da11064a75ad017733b41.zarr,8,1539,1611,2.4,remove wood shaving and pick up utility knife
696da11064a75ad017733b41,train,arranging_wood_pieces,full/human/mecka/6b/696da11064a75ad017733b41.zarr,9,1611,1749,4.6,"move utility knife and pick up wood shaving, place utility knife on wooden surface"
696da11064a75ad017733b41,train,arranging_wood_pieces,full/human/mecka/6b/696da11064a75ad017733b41.zarr,10,1749,1890,4.7,"hold wood shaving, move plastic container on wooden surface"
696da11064a75ad017733b41,train,arranging_wood_pieces,full/human/mecka/6b/696da11064a75ad017733b41.zarr,11,1890,2000,3.667,"pick up utility knife, trim wood shaving"
696da11064a75ad017733b41,train,arranging_wood_pieces,full/human/mecka/6b/696da11064a75ad017733b41.zarr,12,2000,2079,2.633,"place utility knife on wooden surface, put wood shaving in gum in plastic container"
696da11064a75ad017733b41,train,arranging_wood_pieces,full/human/mecka/6b/696da11064a75ad017733b41.zarr,13,2079,2211,4.4,remove wood shaving from gum in container
696da11064a75ad017733b41,train,arranging_wood_pieces,full/human/mecka/6b/696da11064a75ad017733b41.zarr,14,2211,2360,4.967,place wood shaving on wooden surface
696da11064a75ad017733b41,train,arranging_wood_pieces,full/human/mecka/6b/696da11064a75ad017733b41.zarr,15,2360,2450,3.0,remove wood shaving on wooden surface
696da11064a75ad017733b41,train,arranging_wood_pieces,full/human/mecka/6b/696da11064a75ad017733b41.zarr,16,2450,2544,3.133,place wood shaving in gum in plastic container
696da11064a75ad017733b41,train,arranging_wood_pieces,full/human/mecka/6b/696da11064a75ad017733b41.zarr,17,2544,2730,6.2,"adjust utility knife on wooden surface, place wood shaving on wooden surface"
696da11064a75ad017733b41,train,arranging_wood_pieces,full/human/mecka/6b/696da11064a75ad017733b41.zarr,18,2730,2836,3.533,"press wooden piece, pick up wood shaving"
696da14ac8b3144c937f8c59,train,applying_veneer,full/human/mecka/e3/696da14ac8b3144c937f8c59.zarr,0,0,69,2.3,press strip into surface
696da14ac8b3144c937f8c59,train,applying_veneer,full/human/mecka/e3/696da14ac8b3144c937f8c59.zarr,1,69,290,7.367,"pull to cut strip, place strip aside"
696da14ac8b3144c937f8c59,train,applying_veneer,full/human/mecka/e3/696da14ac8b3144c937f8c59.zarr,2,290,620,11.0,"place strip into gap, press the strip on surface"
696da14ac8b3144c937f8c59,train,applying_veneer,full/human/mecka/e3/696da14ac8b3144c937f8c59.zarr,3,620,729,3.633,press surface
696da14ac8b3144c937f8c59,train,applying_veneer,full/human/mecka/e3/696da14ac8b3144c937f8c59.zarr,4,729,932,6.767,"lift strip, adjust blocks"
696da14ac8b3144c937f8c59,train,applying_veneer,full/human/mecka/e3/696da14ac8b3144c937f8c59.zarr,5,932,1020,2.933,adjust wooden strip
696da14ac8b3144c937f8c59,train,applying_veneer,full/human/mecka/e3/696da14ac8b3144c937f8c59.zarr,6,1020,1659,21.3,"place strip into gap, press strip, fill gap with block, remove block"
696da14ac8b3144c937f8c59,train,applying_veneer,full/human/mecka/e3/696da14ac8b3144c937f8c59.zarr,7,1659,1920,8.7,"pick up knife, cut strip"
696da14ac8b3144c937f8c59,train,applying_veneer,full/human/mecka/e3/696da14ac8b3144c937f8c59.zarr,8,1920,2199,9.3,"place into gap, press strip to cut"
696da14ac8b3144c937f8c59,train,applying_veneer,full/human/mecka/e3/696da14ac8b3144c937f8c59.zarr,9,2199,2630,14.367,"trim strip with knife, remove strip, adjust arrangment"
696da14ac8b3144c937f8c59,train,applying_veneer,full/human/mecka/e3/696da14ac8b3144c937f8c59.zarr,10,2630,2686,1.867,manipulate wooden strip
696da39bde1537c60354d9ff,train,packaging_incense_sticks,full/human/mecka/e2/696da39bde1537c60354d9ff.zarr,0,0,222,7.4,adjust incense
696da39bde1537c60354d9ff,train,packaging_incense_sticks,full/human/mecka/e2/696da39bde1537c60354d9ff.zarr,1,222,450,7.6,insert incense into plastic bag
696da39bde1537c60354d9ff,train,packaging_incense_sticks,full/human/mecka/e2/696da39bde1537c60354d9ff.zarr,2,450,584,4.467,smoothen plastic bag
696da39bde1537c60354d9ff,train,packaging_incense_sticks,full/human/mecka/e2/696da39bde1537c60354d9ff.zarr,3,584,1209,20.833,"pick up incense from basket, adjust incense"
696da39bde1537c60354d9ff,train,packaging_incense_sticks,full/human/mecka/e2/696da39bde1537c60354d9ff.zarr,4,1209,1446,7.9,insert incense into plastic bag
696da39bde1537c60354d9ff,train,packaging_incense_sticks,full/human/mecka/e2/696da39bde1537c60354d9ff.zarr,5,1446,1478,1.067,smoothen plastic bag
696da39bde1537c60354d9ff,train,packaging_incense_sticks,full/human/mecka/e2/696da39bde1537c60354d9ff.zarr,6,1478,2236,25.267,"pick up incense from basket, adjust incense"
696e3380dc2838e08b0cec7e,train,crafting_bows,full/human/mecka/a9/696e3380dc2838e08b0cec7e.zarr,0,0,2683,89.433,fold silver ribbon
696e72da103f142a3d3fab6e,train,carving_styrofoam,full/human/mecka/60/696e72da103f142a3d3fab6e.zarr,0,0,579,19.3,trim foam piece edge with knife
696e72da103f142a3d3fab6e,train,carving_styrofoam,full/human/mecka/60/696e72da103f142a3d3fab6e.zarr,1,579,890,10.367,"clean foam piece, trim foam piece edge, place foam piece on table"
696e72da103f142a3d3fab6e,train,carving_styrofoam,full/human/mecka/60/696e72da103f142a3d3fab6e.zarr,2,890,1539,21.633,pick up foam piece and trim edges
696e72da103f142a3d3fab6e,train,carving_styrofoam,full/human/mecka/60/696e72da103f142a3d3fab6e.zarr,3,1539,2619,36.0,carve engravings on body of foam with knife
696e72da103f142a3d3fab6e,train,carving_styrofoam,full/human/mecka/60/696e72da103f142a3d3fab6e.zarr,4,2619,2980,12.033,trim foam piece edges
696e86744a5fcb629b337c8d,train,cleaning_tableware,full/human/mecka/a8/696e86744a5fcb629b337c8d.zarr,0,0,669,22.3,"polish spoon bowl with cloth, rotate spoon, polish spoon bowl with cloth"
696e86744a5fcb629b337c8d,train,cleaning_tableware,full/human/mecka/a8/696e86744a5fcb629b337c8d.zarr,1,669,1040,12.367,"polish spoon bowl with cloth, rotate spoon, polish spoon bowl with cloth"
696e86744a5fcb629b337c8d,train,cleaning_tableware,full/human/mecka/a8/696e86744a5fcb629b337c8d.zarr,2,1040,1869,27.633,"polish spoon bowl with cloth, rotate spoon, polish spoon bowl with cloth"
696e86744a5fcb629b337c8d,train,cleaning_tableware,full/human/mecka/a8/696e86744a5fcb629b337c8d.zarr,3,1869,2683,27.133,"polish spoon bowl with cloth, rotate spoon, polish spoon bowl with cloth"
696eaebd0388683cf18b0ff3,train,packaging_buttons,full/human/mecka/5a/696eaebd0388683cf18b0ff3.zarr,0,0,114,3.8,place yellow ornaments in plastic bag
696eaebd0388683cf18b0ff3,train,packaging_buttons,full/human/mecka/5a/696eaebd0388683cf18b0ff3.zarr,1,114,289,5.833,"pick yellow ornaments in clear container, place yellow ornaments in plastic bag"
696eaebd0388683cf18b0ff3,train,packaging_buttons,full/human/mecka/5a/696eaebd0388683cf18b0ff3.zarr,2,289,542,8.433,"pick yellow ornaments in clear container, place yellow ornaments in plastic bag"
696eaebd0388683cf18b0ff3,train,packaging_buttons,full/human/mecka/5a/696eaebd0388683cf18b0ff3.zarr,3,542,711,5.633,"pick yellow ornaments in clear container, place yellow ornaments in plastic bag"
696eaebd0388683cf18b0ff3,train,packaging_buttons,full/human/mecka/5a/696eaebd0388683cf18b0ff3.zarr,4,711,1168,15.233,adjust ornaments in clear container
696eaebd0388683cf18b0ff3,train,packaging_buttons,full/human/mecka/5a/696eaebd0388683cf18b0ff3.zarr,5,1168,1613,14.833,"pick yellow ornaments in clear container, place yellow ornaments in plastic bag"
696eaebd0388683cf18b0ff3,train,packaging_buttons,full/human/mecka/5a/696eaebd0388683cf18b0ff3.zarr,6,1613,1734,4.033,"pick yellow ornaments in clear container, place yellow ornaments in plastic bag"
696eaebd0388683cf18b0ff3,train,packaging_buttons,full/human/mecka/5a/696eaebd0388683cf18b0ff3.zarr,7,1734,1807,2.433,adjust ornaments in clear container
696eaebd0388683cf18b0ff3,train,packaging_buttons,full/human/mecka/5a/696eaebd0388683cf18b0ff3.zarr,8,1807,2162,11.833,"pick yellow ornaments in clear container, place yellow ornaments in plastic bag"
696eaebd0388683cf18b0ff3,train,packaging_buttons,full/human/mecka/5a/696eaebd0388683cf18b0ff3.zarr,9,2162,2391,7.633,"pick yellow ornaments in clear container, place yellow ornaments in plastic bag"
696eaebd0388683cf18b0ff3,train,packaging_buttons,full/human/mecka/5a/696eaebd0388683cf18b0ff3.zarr,10,2391,2504,3.767,adjust ornaments in clear container
696eaebd0388683cf18b0ff3,train,packaging_buttons,full/human/mecka/5a/696eaebd0388683cf18b0ff3.zarr,11,2504,2659,5.167,"pick yellow ornaments in clear container, place yellow ornaments in plastic bag"
696eaebd0388683cf18b0ff3,train,packaging_buttons,full/human/mecka/5a/696eaebd0388683cf18b0ff3.zarr,12,2659,2683,0.8,adjust ornaments in clear container
696ec90f4a5fcb629b3380da,train,packaging,full/human/mecka/2f/696ec90f4a5fcb629b3380da.zarr,0,0,1499,49.967,stir chocolate in pot with spoon
696ec90f4a5fcb629b3380da,train,packaging,full/human/mecka/2f/696ec90f4a5fcb629b3380da.zarr,1,1499,2986,49.567,stir chocolate in pot with spoon
696f39f0e074cc7861dced43,train,decorating,full/human/mecka/a7/696f39f0e074cc7861dced43.zarr,0,0,1500,50.0,"hold gold foil, cut gold foil into thin strips with scissors"
696f39f0e074cc7861dced43,train,decorating,full/human/mecka/a7/696f39f0e074cc7861dced43.zarr,1,1500,3016,50.533,cut gold foil into thin strips with scissors
69716b313afa247001595a64,train,carving_wax,full/human/mecka/c3/69716b313afa247001595a64.zarr,0,0,1500,50.0,scrape white wax into pot using scraping tool
69716b313afa247001595a64,train,carving_wax,full/human/mecka/c3/69716b313afa247001595a64.zarr,1,1500,2986,49.533,scrape white wax into pot using scraping tool
69727b42d7ab7ec2aaae4623,train,bagging_seeds,full/human/mecka/5f/69727b42d7ab7ec2aaae4623.zarr,0,0,66,2.2,"pour seeds into plastic bag with plastic spoon, scoop seeds from white bowl with plastic spoon"
69727b42d7ab7ec2aaae4623,train,bagging_seeds,full/human/mecka/5f/69727b42d7ab7ec2aaae4623.zarr,1,66,273,6.9,"place plastic spoon on white bowl, press seams inside plastic bag, seal plastic bag with seeds"
69727b42d7ab7ec2aaae4623,train,bagging_seeds,full/human/mecka/5f/69727b42d7ab7ec2aaae4623.zarr,2,273,537,8.8,"place plastic bag with seeds in white tray, pick up plastic bag from pile, open plastic bag"
69727b42d7ab7ec2aaae4623,train,bagging_seeds,full/human/mecka/5f/69727b42d7ab7ec2aaae4623.zarr,3,537,846,10.3,"grab plastic spoon, scoop seeds from white bowl with plastic spoon, pour seeds into plastic bag with plastic spoon"
69727b42d7ab7ec2aaae4623,train,bagging_seeds,full/human/mecka/5f/69727b42d7ab7ec2aaae4623.zarr,4,846,1125,9.3,"place plastic spoon on white bowl, seal plastic bag with seeds, place plastic bag with seeds in white tray"
69727b42d7ab7ec2aaae4623,train,bagging_seeds,full/human/mecka/5f/69727b42d7ab7ec2aaae4623.zarr,5,1125,1296,5.7,"pick up plastic bag from pile, open plastic bag"
69727b42d7ab7ec2aaae4623,train,bagging_seeds,full/human/mecka/5f/69727b42d7ab7ec2aaae4623.zarr,6,1296,1452,5.2,"grab plastic spoon, scoop seeds from white bowl with plastic spoon, pour seeds into plastic bag with plastic spoon"
69727b42d7ab7ec2aaae4623,train,bagging_seeds,full/human/mecka/5f/69727b42d7ab7ec2aaae4623.zarr,7,1452,1723,9.033,"place plastic spoon on white bowl, seal plastic bag with seeds, place plastic bag with seeds in white tray"
69727b42d7ab7ec2aaae4623,train,bagging_seeds,full/human/mecka/5f/69727b42d7ab7ec2aaae4623.zarr,8,1723,1976,8.433,"pick up plastic bag from pile, open plastic bag"
69727b42d7ab7ec2aaae4623,train,bagging_seeds,full/human/mecka/5f/69727b42d7ab7ec2aaae4623.zarr,9,1976,2163,6.233,"grab plastic spoon, scoop seeds from white bowl with plastic spoon, pour seeds into plastic bag with plastic spoon"
69727b42d7ab7ec2aaae4623,train,bagging_seeds,full/human/mecka/5f/69727b42d7ab7ec2aaae4623.zarr,10,2163,2526,12.1,"place plastic spoon on white bowl, seal plastic bag with seeds, place plastic bag with seeds in white tray"
69727b42d7ab7ec2aaae4623,train,bagging_seeds,full/human/mecka/5f/69727b42d7ab7ec2aaae4623.zarr,11,2526,2697,5.7,"pick up plastic bag from pile, open plastic bag"
69727b42d7ab7ec2aaae4623,train,bagging_seeds,full/human/mecka/5f/69727b42d7ab7ec2aaae4623.zarr,12,2697,2838,4.7,"grab plastic spoon, scoop seeds from white bowl with plastic spoon, pour seeds into plastic bag with plastic spoon"
69727b42d7ab7ec2aaae4623,train,bagging_seeds,full/human/mecka/5f/69727b42d7ab7ec2aaae4623.zarr,13,2838,2938,3.333,"place plastic spoon on white bowl, adjust seeds inside plastic bag"
69727b42d7ab7ec2aaae4623,train,bagging_seeds,full/human/mecka/5f/69727b42d7ab7ec2aaae4623.zarr,14,2938,3015,2.567,"grab plastic spoon, scoop seeds from white bowl with plastic spoon, pour seeds into plastic bag with plastic spoon"
69727b42d7ab7ec2aaae4623,train,bagging_seeds,full/human/mecka/5f/69727b42d7ab7ec2aaae4623.zarr,15,3015,3283,8.933,"place plastic spoon on white bowl, seal plastic bag with seeds, place plastic bag with seeds in white tray"
6972bdb676d67db920c86a46,train,ironing_and_folding_clothes,full/human/mecka/b8/6972bdb676d67db920c86a46.zarr,0,0,660,22.0,iron t-shirt
6972bdb676d67db920c86a46,train,ironing_and_folding_clothes,full/human/mecka/b8/6972bdb676d67db920c86a46.zarr,1,660,780,4.0,"iron t-shirt, place iron on table"
6972bdb676d67db920c86a46,train,ironing_and_folding_clothes,full/human/mecka/b8/6972bdb676d67db920c86a46.zarr,2,780,1050,9.0,"flatten t-shirt, fold t-shirt"
6972bdb676d67db920c86a46,train,ironing_and_folding_clothes,full/human/mecka/b8/6972bdb676d67db920c86a46.zarr,3,1050,2340,43.0,"pick up iron, iron folded t-shirt"
6972bdb676d67db920c86a46,train,ironing_and_folding_clothes,full/human/mecka/b8/6972bdb676d67db920c86a46.zarr,4,2340,2760,14.0,"iron t-shirt, place iron on table"
6972bdb676d67db920c86a46,train,ironing_and_folding_clothes,full/human/mecka/b8/6972bdb676d67db920c86a46.zarr,5,2760,3583,27.433,"straighten t-shirt, fold t-shirt"
6972c094969cdf4e87112d2a,train,packaging_parts,full/human/mecka/c5/6972c094969cdf4e87112d2a.zarr,0,0,114,3.8,"adjust plastic bag, place plastic bag into basket"
6972c094969cdf4e87112d2a,train,packaging_parts,full/human/mecka/c5/6972c094969cdf4e87112d2a.zarr,1,114,150,1.2,press plastic bags
6972c094969cdf4e87112d2a,train,packaging_parts,full/human/mecka/c5/6972c094969cdf4e87112d2a.zarr,2,150,269,3.967,pick up plastic bag
6972c094969cdf4e87112d2a,train,packaging_parts,full/human/mecka/c5/6972c094969cdf4e87112d2a.zarr,3,269,522,8.433,"pick up black ball, place black ball into plastic bag"
6972c094969cdf4e87112d2a,train,packaging_parts,full/human/mecka/c5/6972c094969cdf4e87112d2a.zarr,4,522,672,5.0,"adjust plastic bag, place plastic bag into basket"
6972c094969cdf4e87112d2a,train,packaging_parts,full/human/mecka/c5/6972c094969cdf4e87112d2a.zarr,5,672,756,2.8,pick up plastic bag
6972c094969cdf4e87112d2a,train,packaging_parts,full/human/mecka/c5/6972c094969cdf4e87112d2a.zarr,6,756,936,6.0,"pick up black ball, place black ball into plastic bag"
6972c094969cdf4e87112d2a,train,packaging_parts,full/human/mecka/c5/6972c094969cdf4e87112d2a.zarr,7,936,1032,3.2,"place plastic bag into basket, press plastic bags"
6972c094969cdf4e87112d2a,train,packaging_parts,full/human/mecka/c5/6972c094969cdf4e87112d2a.zarr,8,1032,1104,2.4,pick up plastic bag
6972c094969cdf4e87112d2a,train,packaging_parts,full/human/mecka/c5/6972c094969cdf4e87112d2a.zarr,9,1104,1326,7.4,"pick up black ball, place black ball into plastic bag"
6972c094969cdf4e87112d2a,train,packaging_parts,full/human/mecka/c5/6972c094969cdf4e87112d2a.zarr,10,1326,1395,2.3,place plastic bag into basket
6972c094969cdf4e87112d2a,train,packaging_parts,full/human/mecka/c5/6972c094969cdf4e87112d2a.zarr,11,1395,1512,3.9,pick up plastic bag
6972c094969cdf4e87112d2a,train,packaging_parts,full/human/mecka/c5/6972c094969cdf4e87112d2a.zarr,12,1512,1739,7.567,"pick up black ball, place black ball into plastic bag"
6972c094969cdf4e87112d2a,train,packaging_parts,full/human/mecka/c5/6972c094969cdf4e87112d2a.zarr,13,1739,1842,3.433,place plastic bag into basket
6972c094969cdf4e87112d2a,train,packaging_parts,full/human/mecka/c5/6972c094969cdf4e87112d2a.zarr,14,1842,1926,2.8,pick up plastic bag
6972c094969cdf4e87112d2a,train,packaging_parts,full/human/mecka/c5/6972c094969cdf4e87112d2a.zarr,15,1926,2115,6.3,"pick up black ball, place black ball into plastic bag"
6972c094969cdf4e87112d2a,train,packaging_parts,full/human/mecka/c5/6972c094969cdf4e87112d2a.zarr,16,2115,2211,3.2,"place plastic bag into basket, press plastic bags"
6972c094969cdf4e87112d2a,train,packaging_parts,full/human/mecka/c5/6972c094969cdf4e87112d2a.zarr,17,2211,2310,3.3,pick up plastic bag
6972c094969cdf4e87112d2a,train,packaging_parts,full/human/mecka/c5/6972c094969cdf4e87112d2a.zarr,18,2310,2469,5.3,"pick up black ball, place black ball into plastic bag"
6972c094969cdf4e87112d2a,train,packaging_parts,full/human/mecka/c5/6972c094969cdf4e87112d2a.zarr,19,2469,2562,3.1,adjust plastic bag
6972c094969cdf4e87112d2a,train,packaging_parts,full/human/mecka/c5/6972c094969cdf4e87112d2a.zarr,20,2562,2685,4.1,"place plastic bag into basket, press plastic bags"
6972c094969cdf4e87112d2a,train,packaging_parts,full/human/mecka/c5/6972c094969cdf4e87112d2a.zarr,21,2685,2754,2.3,pick up plastic bag
6972c094969cdf4e87112d2a,train,packaging_parts,full/human/mecka/c5/6972c094969cdf4e87112d2a.zarr,22,2754,2958,6.8,"pick up black ball, place black ball into plastic bag"
6972c094969cdf4e87112d2a,train,packaging_parts,full/human/mecka/c5/6972c094969cdf4e87112d2a.zarr,23,2958,2986,0.933,place plastic bag into basket
69739f41026a2ba2357ee2b3,train,lint_rolling_clothes,full/human/mecka/e1/69739f41026a2ba2357ee2b3.zarr,0,0,1560,52.0,clean fabric
69739f41026a2ba2357ee2b3,train,lint_rolling_clothes,full/human/mecka/e1/69739f41026a2ba2357ee2b3.zarr,1,1560,3120,52.0,clean fabric
6976b5cb39510854b7622940,train,using_syringe_to_mix_perfume,full/human/mecka/3f/6976b5cb39510854b7622940.zarr,0,0,240,8.0,inject liquid into small bottle with syringe
6976b5cb39510854b7622940,train,using_syringe_to_mix_perfume,full/human/mecka/3f/6976b5cb39510854b7622940.zarr,1,240,629,12.967,draw liquid from bottle with syringe
6976b5cb39510854b7622940,train,using_syringe_to_mix_perfume,full/human/mecka/3f/6976b5cb39510854b7622940.zarr,2,629,3136,83.567,mix liquid in bottle with syringe
69b10497fecba246fce64c64,train,wiping_plates,full/human/mecka/69/69b10497fecba246fce64c64.zarr,0,0,1779,59.3,clean plate with cloth
69b10497fecba246fce64c64,train,wiping_plates,full/human/mecka/69/69b10497fecba246fce64c64.zarr,1,1779,3439,55.333,clean plate with cloth
69b1c81863f2e0a33670f8eb,train,gluing_bags,full/human/mecka/5c/69b1c81863f2e0a33670f8eb.zarr,0,0,35,1.167,fold paper flap
69b1c81863f2e0a33670f8eb,train,gluing_bags,full/human/mecka/5c/69b1c81863f2e0a33670f8eb.zarr,1,35,180,4.833,pick up brush for glue container
69b1c81863f2e0a33670f8eb,train,gluing_bags,full/human/mecka/5c/69b1c81863f2e0a33670f8eb.zarr,2,180,734,18.467,"apply glue to paper, place brush in glue container"
69b1c81863f2e0a33670f8eb,train,gluing_bags,full/human/mecka/5c/69b1c81863f2e0a33670f8eb.zarr,3,734,930,6.533,fold paper flap
69b1c81863f2e0a33670f8eb,train,gluing_bags,full/human/mecka/5c/69b1c81863f2e0a33670f8eb.zarr,4,930,1050,4.0,pick up brush from glue container
69b1c81863f2e0a33670f8eb,train,gluing_bags,full/human/mecka/5c/69b1c81863f2e0a33670f8eb.zarr,5,1050,1689,21.3,apply glue to paper
69b1c81863f2e0a33670f8eb,train,gluing_bags,full/human/mecka/5c/69b1c81863f2e0a33670f8eb.zarr,6,1689,1731,1.4,place brush in glue container
69b1c81863f2e0a33670f8eb,train,gluing_bags,full/human/mecka/5c/69b1c81863f2e0a33670f8eb.zarr,7,1731,1795,2.133,fold paper flap
69b1ca05f5e7396077b83a7a,train,assembling_connectors,full/human/mecka/48/69b1ca05f5e7396077b83a7a.zarr,0,0,30,1.0,adjust red cord
69b1ca05f5e7396077b83a7a,train,assembling_connectors,full/human/mecka/48/69b1ca05f5e7396077b83a7a.zarr,1,30,189,5.3,"pick up white plastic piece, attach white plastic piece to red cord"
69b1ca05f5e7396077b83a7a,train,assembling_connectors,full/human/mecka/48/69b1ca05f5e7396077b83a7a.zarr,2,189,228,1.3,adjust red cord
69b1ca05f5e7396077b83a7a,train,assembling_connectors,full/human/mecka/48/69b1ca05f5e7396077b83a7a.zarr,3,228,380,5.067,"pick up white plastic cod, attach white plastic piece to red cord"
69b1ca05f5e7396077b83a7a,train,assembling_connectors,full/human/mecka/48/69b1ca05f5e7396077b83a7a.zarr,4,380,411,1.033,adjust red cord
69b1ca05f5e7396077b83a7a,train,assembling_connectors,full/human/mecka/48/69b1ca05f5e7396077b83a7a.zarr,5,411,540,4.3,"pick up white plastic cod, attach white plastic piece to red cord"
69b1ca05f5e7396077b83a7a,train,assembling_connectors,full/human/mecka/48/69b1ca05f5e7396077b83a7a.zarr,6,540,570,1.0,adjust red cord
69b1ca05f5e7396077b83a7a,train,assembling_connectors,full/human/mecka/48/69b1ca05f5e7396077b83a7a.zarr,7,570,680,3.667,"pick up white plastic cod, attach white plastic piece to red cord"
69b1ca05f5e7396077b83a7a,train,assembling_connectors,full/human/mecka/48/69b1ca05f5e7396077b83a7a.zarr,8,680,738,1.933,adjust red cord
69b1ca05f5e7396077b83a7a,train,assembling_connectors,full/human/mecka/48/69b1ca05f5e7396077b83a7a.zarr,9,738,870,4.4,"pick up white plastic cod, attach white plastic piece to red cord"
69b1ca05f5e7396077b83a7a,train,assembling_connectors,full/human/mecka/48/69b1ca05f5e7396077b83a7a.zarr,10,870,968,3.267,adjust red cord
69b1ca05f5e7396077b83a7a,train,assembling_connectors,full/human/mecka/48/69b1ca05f5e7396077b83a7a.zarr,11,968,1148,6.0,"pick up white plastic cod, attach white plastic piece to red cord"
69b1ca05f5e7396077b83a7a,train,assembling_connectors,full/human/mecka/48/69b1ca05f5e7396077b83a7a.zarr,12,1148,1185,1.233,adjust red cord
69b1ca05f5e7396077b83a7a,train,assembling_connectors,full/human/mecka/48/69b1ca05f5e7396077b83a7a.zarr,13,1185,1419,7.8,"pick up white plastic cod, attach white plastic piece to red cord"
69b1ca05f5e7396077b83a7a,train,assembling_connectors,full/human/mecka/48/69b1ca05f5e7396077b83a7a.zarr,14,1419,1458,1.3,adjust red cord
69b1ca05f5e7396077b83a7a,train,assembling_connectors,full/human/mecka/48/69b1ca05f5e7396077b83a7a.zarr,15,1458,1640,6.067,"pick up white plastic cod, attach white plastic piece to red cord"
69b1ca05f5e7396077b83a7a,train,assembling_connectors,full/human/mecka/48/69b1ca05f5e7396077b83a7a.zarr,16,1640,1710,2.333,adjust red cord
69b1ca05f5e7396077b83a7a,train,assembling_connectors,full/human/mecka/48/69b1ca05f5e7396077b83a7a.zarr,17,1710,1799,2.967,"pick up white plastic cod, attach white plastic piece to red cord"
69b1cc1a7bbf15d61c802fe9,train,packaging_cutlery,full/human/mecka/83/69b1cc1a7bbf15d61c802fe9.zarr,0,0,33,1.1,"hold plastic sleeve, push cutlery on table"
69b1cc1a7bbf15d61c802fe9,train,packaging_cutlery,full/human/mecka/83/69b1cc1a7bbf15d61c802fe9.zarr,1,33,210,5.9,"pick up spoon, insert spoon into plastic sleeve"
69b1cc1a7bbf15d61c802fe9,train,packaging_cutlery,full/human/mecka/83/69b1cc1a7bbf15d61c802fe9.zarr,2,210,330,4.0,"pick up fork, insert fork into plastic sleeve"
69b1cc1a7bbf15d61c802fe9,train,packaging_cutlery,full/human/mecka/83/69b1cc1a7bbf15d61c802fe9.zarr,3,330,450,4.0,"pick up chopstick, insert chopstick into plastic sleeve"
69b1cc1a7bbf15d61c802fe9,train,packaging_cutlery,full/human/mecka/83/69b1cc1a7bbf15d61c802fe9.zarr,4,450,531,2.7,hold plastic sleeve
69b1cc1a7bbf15d61c802fe9,train,packaging_cutlery,full/human/mecka/83/69b1cc1a7bbf15d61c802fe9.zarr,5,531,666,4.5,fetch chopstick from plastic container
69b1cc1a7bbf15d61c802fe9,train,packaging_cutlery,full/human/mecka/83/69b1cc1a7bbf15d61c802fe9.zarr,7,708,930,7.4,insert chopstick into plastic sleeve
69b1cc1a7bbf15d61c802fe9,train,packaging_cutlery,full/human/mecka/83/69b1cc1a7bbf15d61c802fe9.zarr,8,930,1293,12.1,adjust plastic sleeve
69b1cc1a7bbf15d61c802fe9,train,packaging_cutlery,full/human/mecka/83/69b1cc1a7bbf15d61c802fe9.zarr,9,1293,1502,6.967,seal plastic sleeve
69b1cc1a7bbf15d61c802fe9,train,packaging_cutlery,full/human/mecka/83/69b1cc1a7bbf15d61c802fe9.zarr,10,1502,1539,1.233,place sealed plastic sleeve on table
69b1cc1a7bbf15d61c802fe9,train,packaging_cutlery,full/human/mecka/83/69b1cc1a7bbf15d61c802fe9.zarr,11,1539,1698,5.3,"pick up plastic sleeve from red container, return plastic sleeve to red container"
69b1cc1a7bbf15d61c802fe9,train,packaging_cutlery,full/human/mecka/83/69b1cc1a7bbf15d61c802fe9.zarr,12,1698,1795,3.233,"pick up plastic sleeve from red container, touch red pot"
69b1cc852e36136371f32383,train,wrapping_tubes,full/human/mecka/24/69b1cc852e36136371f32383.zarr,0,0,219,7.3,adjust silver stick
69b1cc852e36136371f32383,train,wrapping_tubes,full/human/mecka/24/69b1cc852e36136371f32383.zarr,1,219,390,5.7,align silver stick on blue paper
69b1cc852e36136371f32383,train,wrapping_tubes,full/human/mecka/24/69b1cc852e36136371f32383.zarr,2,390,900,17.0,roll blue paper around silver stick
69b1cc852e36136371f32383,train,wrapping_tubes,full/human/mecka/24/69b1cc852e36136371f32383.zarr,3,900,1299,13.3,pinch blue paper to mark length
69b1cc852e36136371f32383,train,wrapping_tubes,full/human/mecka/24/69b1cc852e36136371f32383.zarr,4,1299,1370,2.367,pick up scissors
69b1cc852e36136371f32383,train,wrapping_tubes,full/human/mecka/24/69b1cc852e36136371f32383.zarr,5,1370,1470,3.333,cut blue paper with scissors
69b1cc852e36136371f32383,train,wrapping_tubes,full/human/mecka/24/69b1cc852e36136371f32383.zarr,6,1470,1560,3.0,place scissors on table
69b1cc852e36136371f32383,train,wrapping_tubes,full/human/mecka/24/69b1cc852e36136371f32383.zarr,7,1560,1798,7.933,unroll blue paper and remove silver stick
69b1fe72c70619d18bc1649c,train,assembling_electronics,full/human/mecka/fc/69b1fe72c70619d18bc1649c.zarr,0,0,150,5.0,adjust black wire
69b1fe72c70619d18bc1649c,train,assembling_electronics,full/human/mecka/fc/69b1fe72c70619d18bc1649c.zarr,1,150,780,21.0,route white wire
69b1fe72c70619d18bc1649c,train,assembling_electronics,full/human/mecka/fc/69b1fe72c70619d18bc1649c.zarr,2,780,1059,9.3,position wires at hinge
69b1fe72c70619d18bc1649c,train,assembling_electronics,full/human/mecka/fc/69b1fe72c70619d18bc1649c.zarr,3,1059,1380,10.7,press wires into channel
69b1fe72c70619d18bc1649c,train,assembling_electronics,full/human/mecka/fc/69b1fe72c70619d18bc1649c.zarr,4,1380,1620,8.0,adjust wires at hinge
69b1fe72c70619d18bc1649c,train,assembling_electronics,full/human/mecka/fc/69b1fe72c70619d18bc1649c.zarr,5,1620,1919,9.967,secure wires with tool
69b2031961f41e36320e7752,train,cleaning_bolts,full/human/mecka/0f/69b2031961f41e36320e7752.zarr,0,0,974,32.467,clean bolt with cloth
69b2031961f41e36320e7752,train,cleaning_bolts,full/human/mecka/0f/69b2031961f41e36320e7752.zarr,1,974,1949,32.5,clean bolt with cloth
69b204842d7a7dc083ea7b4e,train,assembling_blocks,full/human/mecka/e6/69b204842d7a7dc083ea7b4e.zarr,0,0,639,21.3,assemble plastic pieces
69b204842d7a7dc083ea7b4e,train,assembling_blocks,full/human/mecka/e6/69b204842d7a7dc083ea7b4e.zarr,1,639,1239,20.0,attach piece to assembly
69b204842d7a7dc083ea7b4e,train,assembling_blocks,full/human/mecka/e6/69b204842d7a7dc083ea7b4e.zarr,2,1239,1290,1.7,pick up hammer
69b204842d7a7dc083ea7b4e,train,assembling_blocks,full/human/mecka/e6/69b204842d7a7dc083ea7b4e.zarr,3,1290,1550,8.667,tap assembly with hammer
69b204842d7a7dc083ea7b4e,train,assembling_blocks,full/human/mecka/e6/69b204842d7a7dc083ea7b4e.zarr,4,1550,1680,4.333,adjust assembly
69b204842d7a7dc083ea7b4e,train,assembling_blocks,full/human/mecka/e6/69b204842d7a7dc083ea7b4e.zarr,5,1680,1719,1.3,place hammer on table
69b204842d7a7dc083ea7b4e,train,assembling_blocks,full/human/mecka/e6/69b204842d7a7dc083ea7b4e.zarr,6,1719,1801,2.733,adjust assembly connection
69b272057d5af359fc3326e5,train,applying_veneer_strips,full/human/mecka/a4/69b272057d5af359fc3326e5.zarr,0,0,99,3.3,adjust wooden strip
69b272057d5af359fc3326e5,train,applying_veneer_strips,full/human/mecka/a4/69b272057d5af359fc3326e5.zarr,1,99,240,4.7,place wooden strip onto gap on wooden surface
69b272057d5af359fc3326e5,train,applying_veneer_strips,full/human/mecka/a4/69b272057d5af359fc3326e5.zarr,2,240,350,3.667,press down on wooden surface
69b272057d5af359fc3326e5,train,applying_veneer_strips,full/human/mecka/a4/69b272057d5af359fc3326e5.zarr,3,350,420,2.333,adjust wooden strip
69b272057d5af359fc3326e5,train,applying_veneer_strips,full/human/mecka/a4/69b272057d5af359fc3326e5.zarr,4,420,771,11.7,"apply glue on wooden strip, place wooden strip onto gap on wooden surface"
69b272057d5af359fc3326e5,train,applying_veneer_strips,full/human/mecka/a4/69b272057d5af359fc3326e5.zarr,5,771,930,5.3,"cut wooden strip, press down on wooden surface"
69b272057d5af359fc3326e5,train,applying_veneer_strips,full/human/mecka/a4/69b272057d5af359fc3326e5.zarr,6,930,1112,6.067,"adjust glue container, apply glue on wooden strip"
69b272057d5af359fc3326e5,train,applying_veneer_strips,full/human/mecka/a4/69b272057d5af359fc3326e5.zarr,7,1112,1320,6.933,"adjust wood tiles on wooden surface, adjust wooden strip"
69b272057d5af359fc3326e5,train,applying_veneer_strips,full/human/mecka/a4/69b272057d5af359fc3326e5.zarr,8,1320,1468,4.933,"adjust wooden strip, adjust wooden tile on wooden surface"
69b272057d5af359fc3326e5,train,applying_veneer_strips,full/human/mecka/a4/69b272057d5af359fc3326e5.zarr,9,1468,1616,4.933,"place wooden strip on gap on wooden surface, cut wooden strip"
69b272057d5af359fc3326e5,train,applying_veneer_strips,full/human/mecka/a4/69b272057d5af359fc3326e5.zarr,10,1616,1772,5.2,"press down on wooden surface, apply glue to wooden strip"
69b272057d5af359fc3326e5,train,applying_veneer_strips,full/human/mecka/a4/69b272057d5af359fc3326e5.zarr,11,1772,1959,6.233,"place wooden strip onto gap on wooden surface, cut wooden strip"
69b272057d5af359fc3326e5,train,applying_veneer_strips,full/human/mecka/a4/69b272057d5af359fc3326e5.zarr,12,1959,2095,4.533,apply glue onto strip on wooden surface
69b3257ae7e3b57c9e1779e8,train,unpicking_stitches,full/human/mecka/2f/69b3257ae7e3b57c9e1779e8.zarr,0,0,828,27.6,cut stitches on purple fabric with seam ripper
69b3257ae7e3b57c9e1779e8,train,unpicking_stitches,full/human/mecka/2f/69b3257ae7e3b57c9e1779e8.zarr,1,828,990,5.4,discard excess threads from purple fabric
69b3257ae7e3b57c9e1779e8,train,unpicking_stitches,full/human/mecka/2f/69b3257ae7e3b57c9e1779e8.zarr,2,990,2099,36.967,cut stitches on purple fabric with seam ripper
69b327d3241a6c270e2e2588,train,applying_nail_polish,full/human/mecka/14/69b327d3241a6c270e2e2588.zarr,0,0,110,3.667,"press button of nail uv lamp, pick up artificial nail on holder"
69b327d3241a6c270e2e2588,train,applying_nail_polish,full/human/mecka/14/69b327d3241a6c270e2e2588.zarr,1,110,776,22.2,"pick up brush from bottle, apply polish into artificial nail"
69b327d3241a6c270e2e2588,train,applying_nail_polish,full/human/mecka/14/69b327d3241a6c270e2e2588.zarr,2,776,939,5.433,"place brush into bottle, adjust inside nail lamp"
69b327d3241a6c270e2e2588,train,applying_nail_polish,full/human/mecka/14/69b327d3241a6c270e2e2588.zarr,3,939,1003,2.133,"pick up artificial nail inside of uv lamp, place artificial nail on holder"
69b327d3241a6c270e2e2588,train,applying_nail_polish,full/human/mecka/14/69b327d3241a6c270e2e2588.zarr,4,1003,1146,4.767,"place artificial nail with polish into uv lamp, press button of nail uv lamp"
69b327d3241a6c270e2e2588,train,applying_nail_polish,full/human/mecka/14/69b327d3241a6c270e2e2588.zarr,5,1146,1260,3.8,"adjust nail holders on table, pick up artificial nail on holder"
69b327d3241a6c270e2e2588,train,applying_nail_polish,full/human/mecka/14/69b327d3241a6c270e2e2588.zarr,6,1260,1545,9.5,"pick up and adjust polish bottle, place bottle on table"
69b327d3241a6c270e2e2588,train,applying_nail_polish,full/human/mecka/14/69b327d3241a6c270e2e2588.zarr,7,1545,1910,12.167,"pick up brush from bottle, apply polish into artificial nail"
69b327d3241a6c270e2e2588,train,applying_nail_polish,full/human/mecka/14/69b327d3241a6c270e2e2588.zarr,8,1910,2004,3.133,place brush into bottle
69b3285ccd1a4bcc06afa06f,train,organizing_candies,full/human/mecka/24/69b3285ccd1a4bcc06afa06f.zarr,0,0,30,1.0,adjust yellow snack bar on shelf
69b3285ccd1a4bcc06afa06f,train,organizing_candies,full/human/mecka/24/69b3285ccd1a4bcc06afa06f.zarr,1,30,129,3.3,adjust blue snack bar on shelf
69b3285ccd1a4bcc06afa06f,train,organizing_candies,full/human/mecka/24/69b3285ccd1a4bcc06afa06f.zarr,2,129,219,3.0,pick up white cloth
69b3285ccd1a4bcc06afa06f,train,organizing_candies,full/human/mecka/24/69b3285ccd1a4bcc06afa06f.zarr,3,219,1760,51.367,rearrange snack bars in shelf container
69b3285ccd1a4bcc06afa06f,train,organizing_candies,full/human/mecka/24/69b3285ccd1a4bcc06afa06f.zarr,5,1890,2095,6.833,move yellow snack bar on shelf
69b32fc2cf7a852768645d3e,train,preparing_stickers,full/human/mecka/0d/69b32fc2cf7a852768645d3e.zarr,0,0,303,10.1,"place stickers in nylon, place nylon into basket"
69b32fc2cf7a852768645d3e,train,preparing_stickers,full/human/mecka/0d/69b32fc2cf7a852768645d3e.zarr,1,303,378,2.5,adjust nylon on table
69b32fc2cf7a852768645d3e,train,preparing_stickers,full/human/mecka/0d/69b32fc2cf7a852768645d3e.zarr,2,378,693,10.5,"pick up stickers, peel off back of sticker"
69b32fc2cf7a852768645d3e,train,preparing_stickers,full/human/mecka/0d/69b32fc2cf7a852768645d3e.zarr,3,693,1176,16.1,"arrange stickers in nylon, move nylon into basket"
69b32fc2cf7a852768645d3e,train,preparing_stickers,full/human/mecka/0d/69b32fc2cf7a852768645d3e.zarr,4,1176,1326,5.0,"pick up nylon, open nylon"
69b32fc2cf7a852768645d3e,train,preparing_stickers,full/human/mecka/0d/69b32fc2cf7a852768645d3e.zarr,5,1326,1707,12.7,adjust stickers on table
69b32fc2cf7a852768645d3e,train,preparing_stickers,full/human/mecka/0d/69b32fc2cf7a852768645d3e.zarr,6,1707,2099,13.067,"pick up stickers, place stickers in nylon"
69b374e38b7e31850a2c3f3b,train,sorting_screws,full/human/mecka/29/69b374e38b7e31850a2c3f3b.zarr,0,0,39,1.3,adjust bag
69b374e38b7e31850a2c3f3b,train,sorting_screws,full/human/mecka/29/69b374e38b7e31850a2c3f3b.zarr,1,39,140,3.367,pick up pieces from container and place on table
69b374e38b7e31850a2c3f3b,train,sorting_screws,full/human/mecka/29/69b374e38b7e31850a2c3f3b.zarr,2,140,630,16.333,pick up pieces from table and place in bag
69b374e38b7e31850a2c3f3b,train,sorting_screws,full/human/mecka/29/69b374e38b7e31850a2c3f3b.zarr,3,630,1160,17.667,adjust bag and place pieces in bag
69b374e38b7e31850a2c3f3b,train,sorting_screws,full/human/mecka/29/69b374e38b7e31850a2c3f3b.zarr,4,1160,1239,2.633,pick up pieces from container and place on table
69b374e38b7e31850a2c3f3b,train,sorting_screws,full/human/mecka/29/69b374e38b7e31850a2c3f3b.zarr,5,1239,1470,7.7,pick up pieces from table and place in bag
69b374e38b7e31850a2c3f3b,train,sorting_screws,full/human/mecka/29/69b374e38b7e31850a2c3f3b.zarr,6,1470,2139,22.3,pick up pieces from table and place in bag
69b374e38b7e31850a2c3f3b,train,sorting_screws,full/human/mecka/29/69b374e38b7e31850a2c3f3b.zarr,7,2139,2248,3.633,pick up pieces from container and place on table
69b37f82798c89398b267ff3,train,organizing_wires,full/human/mecka/c1/69b37f82798c89398b267ff3.zarr,0,0,2249,74.967,pick up and insert cables into connectors
69b38f3f1e56f6bdf5a37559,train,shaving_bamboo,full/human/mecka/55/69b38f3f1e56f6bdf5a37559.zarr,0,0,447,14.9,shave bamboo stick with knife
69b38f3f1e56f6bdf5a37559,train,shaving_bamboo,full/human/mecka/55/69b38f3f1e56f6bdf5a37559.zarr,1,447,867,14.0,"flip bamboo stick, shave bamboo stick with knife"
69b38f3f1e56f6bdf5a37559,train,shaving_bamboo,full/human/mecka/55/69b38f3f1e56f6bdf5a37559.zarr,2,867,1550,22.767,"flip bamboo stick, shave bamboo stick with knife"
69b38f3f1e56f6bdf5a37559,train,shaving_bamboo,full/human/mecka/55/69b38f3f1e56f6bdf5a37559.zarr,3,1550,1874,10.8,"flip bamboo stick, shave bamboo stick with knife"
69b40d5d9cd671b2e770aa3e,train,folding_bags,full/human/mecka/9d/69b40d5d9cd671b2e770aa3e.zarr,0,0,720,24.0,adjust and stack small plastic bags
69b40d5d9cd671b2e770aa3e,train,folding_bags,full/human/mecka/9d/69b40d5d9cd671b2e770aa3e.zarr,1,720,1500,26.0,align and straighten stack of plastic bags on table
69b40d5d9cd671b2e770aa3e,train,folding_bags,full/human/mecka/9d/69b40d5d9cd671b2e770aa3e.zarr,2,1500,2245,24.833,"fold and align stack of large plastic bags, insert stack of large plastic bags into large plastic bag"
69b429ce19bfe1efa7ca9cdc,train,applying_wood_filler,full/human/mecka/b8/69b429ce19bfe1efa7ca9cdc.zarr,0,0,36,1.2,hold object
69b429ce19bfe1efa7ca9cdc,train,applying_wood_filler,full/human/mecka/b8/69b429ce19bfe1efa7ca9cdc.zarr,1,36,102,2.2,"place object in cup, reposition tools on table"
69b429ce19bfe1efa7ca9cdc,train,applying_wood_filler,full/human/mecka/b8/69b429ce19bfe1efa7ca9cdc.zarr,2,102,354,8.4,"adjust wooden strip, use cutter to cut wooden strip"
69b429ce19bfe1efa7ca9cdc,train,applying_wood_filler,full/human/mecka/b8/69b429ce19bfe1efa7ca9cdc.zarr,3,354,447,3.1,"adjust wooden strip on table, adjust cup on table"
69b429ce19bfe1efa7ca9cdc,train,applying_wood_filler,full/human/mecka/b8/69b429ce19bfe1efa7ca9cdc.zarr,4,447,654,6.9,cut wooden strip with cutter and place cutter on table
69b429ce19bfe1efa7ca9cdc,train,applying_wood_filler,full/human/mecka/b8/69b429ce19bfe1efa7ca9cdc.zarr,5,654,846,6.4,"adjust wooden strip, pick up cutter"
69b429ce19bfe1efa7ca9cdc,train,applying_wood_filler,full/human/mecka/b8/69b429ce19bfe1efa7ca9cdc.zarr,6,846,1062,7.2,"adjust wooden strip, cut wooden strip with cutter"
69b429ce19bfe1efa7ca9cdc,train,applying_wood_filler,full/human/mecka/b8/69b429ce19bfe1efa7ca9cdc.zarr,7,1062,1107,1.5,"place cutter on surface, pick up wooden strip"
69b429ce19bfe1efa7ca9cdc,train,applying_wood_filler,full/human/mecka/b8/69b429ce19bfe1efa7ca9cdc.zarr,8,1107,1326,7.3,"adjust wooden strip on surface, pick up wooden strip"
69b429ce19bfe1efa7ca9cdc,train,applying_wood_filler,full/human/mecka/b8/69b429ce19bfe1efa7ca9cdc.zarr,9,1326,1380,1.8,"place wooden strip on surface, pick up cutter"
69b429ce19bfe1efa7ca9cdc,train,applying_wood_filler,full/human/mecka/b8/69b429ce19bfe1efa7ca9cdc.zarr,10,1380,1554,5.8,"cut wooden strip with cutter, place cutter on surface"
69b429ce19bfe1efa7ca9cdc,train,applying_wood_filler,full/human/mecka/b8/69b429ce19bfe1efa7ca9cdc.zarr,11,1554,1779,7.5,move wooden strip to gap on surface
69b429ce19bfe1efa7ca9cdc,train,applying_wood_filler,full/human/mecka/b8/69b429ce19bfe1efa7ca9cdc.zarr,12,1779,1833,1.8,use wooden strip to fill gap
69b429ce19bfe1efa7ca9cdc,train,applying_wood_filler,full/human/mecka/b8/69b429ce19bfe1efa7ca9cdc.zarr,13,1833,1974,4.7,"press object on foam, pick up object"
69b429ce19bfe1efa7ca9cdc,train,applying_wood_filler,full/human/mecka/b8/69b429ce19bfe1efa7ca9cdc.zarr,14,1974,2049,2.5,place object on surface
69b429ce19bfe1efa7ca9cdc,train,applying_wood_filler,full/human/mecka/b8/69b429ce19bfe1efa7ca9cdc.zarr,15,2049,2115,2.2,move tools and cup on surface
69b429ce19bfe1efa7ca9cdc,train,applying_wood_filler,full/human/mecka/b8/69b429ce19bfe1efa7ca9cdc.zarr,16,2115,2250,4.5,place container and cutter on surface
69b489f84f13e26864ae0dbc,train,making_crafts,full/human/mecka/93/69b489f84f13e26864ae0dbc.zarr,0,0,360,12.0,"pick up candy from table, adjust and place candy on bowl"
69b489f84f13e26864ae0dbc,train,making_crafts,full/human/mecka/93/69b489f84f13e26864ae0dbc.zarr,1,360,690,11.0,"pick up candy from table, adjust and place candy on bowl"
69b489f84f13e26864ae0dbc,train,making_crafts,full/human/mecka/93/69b489f84f13e26864ae0dbc.zarr,2,690,1038,11.6,"pick up candy from table, adjust and place candy on bowl"
69b489f84f13e26864ae0dbc,train,making_crafts,full/human/mecka/93/69b489f84f13e26864ae0dbc.zarr,3,1038,1080,1.4,pick up candy from table
69b489f84f13e26864ae0dbc,train,making_crafts,full/human/mecka/93/69b489f84f13e26864ae0dbc.zarr,4,1080,1302,7.4,"adjust and place candy on bowl, pick up candies from table"
69b489f84f13e26864ae0dbc,train,making_crafts,full/human/mecka/93/69b489f84f13e26864ae0dbc.zarr,5,1302,1560,8.6,adjust candy
69b489f84f13e26864ae0dbc,train,making_crafts,full/human/mecka/93/69b489f84f13e26864ae0dbc.zarr,6,1560,1980,14.0,place candies on bowl
69b489f84f13e26864ae0dbc,train,making_crafts,full/human/mecka/93/69b489f84f13e26864ae0dbc.zarr,7,1980,2250,9.0,"pick up candy from table, adjust and place candy on bowl"
69b490c517e3a9ccf08b229a,train,weeding_soil,full/human/mecka/4f/69b490c517e3a9ccf08b229a.zarr,0,0,1500,50.0,use hoe to scrape grass and weeds from soil
69b490c517e3a9ccf08b229a,train,weeding_soil,full/human/mecka/4f/69b490c517e3a9ccf08b229a.zarr,1,1500,2247,24.9,scrape grass and weed from soil with hoe aside
69b494925fadf00f5a3f1857,train,sorting_components,full/human/mecka/2c/69b494925fadf00f5a3f1857.zarr,0,0,153,5.1,pick up resistor and place in bag
69b494925fadf00f5a3f1857,train,sorting_components,full/human/mecka/2c/69b494925fadf00f5a3f1857.zarr,1,153,222,2.3,pick up resistors and place in bowl
69b494925fadf00f5a3f1857,train,sorting_components,full/human/mecka/2c/69b494925fadf00f5a3f1857.zarr,2,222,456,7.8,gather resistors and place in bag
69b494925fadf00f5a3f1857,train,sorting_components,full/human/mecka/2c/69b494925fadf00f5a3f1857.zarr,3,456,675,7.3,pick up resistors and place in bag
69b494925fadf00f5a3f1857,train,sorting_components,full/human/mecka/2c/69b494925fadf00f5a3f1857.zarr,4,675,1013,11.267,gather resistors and place in bag
69b494925fadf00f5a3f1857,train,sorting_components,full/human/mecka/2c/69b494925fadf00f5a3f1857.zarr,5,1013,1365,11.733,pick up resistors and place in bag
69b494925fadf00f5a3f1857,train,sorting_components,full/human/mecka/2c/69b494925fadf00f5a3f1857.zarr,6,1365,1656,9.7,gather resistors and place in bag
69b494925fadf00f5a3f1857,train,sorting_components,full/human/mecka/2c/69b494925fadf00f5a3f1857.zarr,7,1656,1952,9.867,pick up resistors and place in bag
69b494925fadf00f5a3f1857,train,sorting_components,full/human/mecka/2c/69b494925fadf00f5a3f1857.zarr,8,1952,2274,10.733,pick up resistors and place in bag
69b496ca699f525ceebed0fb,train,filling_packets,full/human/mecka/50/69b496ca699f525ceebed0fb.zarr,0,0,240,8.0,fill bag with coffee
69b496ca699f525ceebed0fb,train,filling_packets,full/human/mecka/50/69b496ca699f525ceebed0fb.zarr,1,240,360,4.0,place bag on scale
69b496ca699f525ceebed0fb,train,filling_packets,full/human/mecka/50/69b496ca699f525ceebed0fb.zarr,2,360,480,4.0,pick up filled bag
69b496ca699f525ceebed0fb,train,filling_packets,full/human/mecka/50/69b496ca699f525ceebed0fb.zarr,3,480,900,14.0,fill bag with coffee
69b496ca699f525ceebed0fb,train,filling_packets,full/human/mecka/50/69b496ca699f525ceebed0fb.zarr,4,900,960,2.0,"place bag on scale, pick up bag"
69b496ca699f525ceebed0fb,train,filling_packets,full/human/mecka/50/69b496ca699f525ceebed0fb.zarr,5,960,1050,3.0,place bag in tray
69b496ca699f525ceebed0fb,train,filling_packets,full/human/mecka/50/69b496ca699f525ceebed0fb.zarr,6,1050,1110,2.0,pick up empty bag
69b496ca699f525ceebed0fb,train,filling_packets,full/human/mecka/50/69b496ca699f525ceebed0fb.zarr,7,1110,1830,24.0,fill bag with coffee
69b496ca699f525ceebed0fb,train,filling_packets,full/human/mecka/50/69b496ca699f525ceebed0fb.zarr,8,1830,1890,2.0,place bag on scale
69b496ca699f525ceebed0fb,train,filling_packets,full/human/mecka/50/69b496ca699f525ceebed0fb.zarr,9,1890,2148,8.6,"scoop coffee from bag into black bag, place bag on scale"
69b496ca699f525ceebed0fb,train,filling_packets,full/human/mecka/50/69b496ca699f525ceebed0fb.zarr,10,2148,2190,1.4,pick up bag
69b496ca699f525ceebed0fb,train,filling_packets,full/human/mecka/50/69b496ca699f525ceebed0fb.zarr,11,2190,2334,4.8,place bag in tray
69b49cc55d6b48c59a9320ab,train,wiping_fruits,full/human/mecka/50/69b49cc55d6b48c59a9320ab.zarr,0,0,180,6.0,"wipe fruit, place cloth on crate"
69b49cc55d6b48c59a9320ab,train,wiping_fruits,full/human/mecka/50/69b49cc55d6b48c59a9320ab.zarr,1,180,300,4.0,"place fruit in crate, pick up cloth"
69b49cc55d6b48c59a9320ab,train,wiping_fruits,full/human/mecka/50/69b49cc55d6b48c59a9320ab.zarr,2,300,1320,34.0,"wipe fruit with cloth, place cloth on crate"
69b49cc55d6b48c59a9320ab,train,wiping_fruits,full/human/mecka/50/69b49cc55d6b48c59a9320ab.zarr,3,1320,1428,3.6,"place fruit in crate, pick up cloth"
69b49cc55d6b48c59a9320ab,train,wiping_fruits,full/human/mecka/50/69b49cc55d6b48c59a9320ab.zarr,4,1428,2337,30.3,"wipe fruit with cloth, place cloth on crate"
69b49ff240272c2234cd2d0f,train,applying_screen_protectors,full/human/mecka/6b/69b49ff240272c2234cd2d0f.zarr,0,0,36,1.2,"pick up privacy screen protector components, remove privacy screen protector from casing"
69b49ff240272c2234cd2d0f,train,applying_screen_protectors,full/human/mecka/6b/69b49ff240272c2234cd2d0f.zarr,1,36,69,1.1,place privacy screen protector on phone
69b49ff240272c2234cd2d0f,train,applying_screen_protectors,full/human/mecka/6b/69b49ff240272c2234cd2d0f.zarr,2,69,217,4.933,align privacy screen protector on phone
69b49ff240272c2234cd2d0f,train,applying_screen_protectors,full/human/mecka/6b/69b49ff240272c2234cd2d0f.zarr,3,217,300,2.767,"pick up privacy screen protector, place privacy screen protector in casing"
69b49ff240272c2234cd2d0f,train,applying_screen_protectors,full/human/mecka/6b/69b49ff240272c2234cd2d0f.zarr,4,300,526,7.533,"place privacy screen protector components on shelf, peruse privacy screen protector components on shelf"
69b49ff240272c2234cd2d0f,train,applying_screen_protectors,full/human/mecka/6b/69b49ff240272c2234cd2d0f.zarr,5,526,588,2.067,pick up privacy screen protector
69b49ff240272c2234cd2d0f,train,applying_screen_protectors,full/human/mecka/6b/69b49ff240272c2234cd2d0f.zarr,6,588,664,2.533,align privacy screen protector on phone
69b49ff240272c2234cd2d0f,train,applying_screen_protectors,full/human/mecka/6b/69b49ff240272c2234cd2d0f.zarr,7,664,782,3.933,"pick up privacy screen protector, peel protective layer from phone screen"
69b49ff240272c2234cd2d0f,train,applying_screen_protectors,full/human/mecka/6b/69b49ff240272c2234cd2d0f.zarr,8,782,853,2.367,"drop screen peel on floor, peel protective layer from privacy screen protector"
69b49ff240272c2234cd2d0f,train,applying_screen_protectors,full/human/mecka/6b/69b49ff240272c2234cd2d0f.zarr,9,853,1635,26.067,align privacy screen protector on phone screen
69b49ff240272c2234cd2d0f,train,applying_screen_protectors,full/human/mecka/6b/69b49ff240272c2234cd2d0f.zarr,10,1635,1916,9.367,"pick up phone, press privacy screen protector on phone screen"
69b49ff240272c2234cd2d0f,train,applying_screen_protectors,full/human/mecka/6b/69b49ff240272c2234cd2d0f.zarr,11,1916,2367,15.033,rotate phone and adjust phone on table
69b4af3b38fbfdf7b20f1174,train,sorting_electronic_components,full/human/mecka/63/69b4af3b38fbfdf7b20f1174.zarr,0,0,699,23.3,move yellow led on container
69b4af3b38fbfdf7b20f1174,train,sorting_electronic_components,full/human/mecka/63/69b4af3b38fbfdf7b20f1174.zarr,1,699,1620,30.7,move green led on container
69b4af3b38fbfdf7b20f1174,train,sorting_electronic_components,full/human/mecka/63/69b4af3b38fbfdf7b20f1174.zarr,2,1620,1734,3.8,adjust green led on container
69b4af3b38fbfdf7b20f1174,train,sorting_electronic_components,full/human/mecka/63/69b4af3b38fbfdf7b20f1174.zarr,3,1734,2220,16.2,move green led on container
69b4af3b38fbfdf7b20f1174,train,sorting_electronic_components,full/human/mecka/63/69b4af3b38fbfdf7b20f1174.zarr,4,2220,2430,7.0,move red led on container
69b4b040f19ed0467e17179a,train,trimming_labels,full/human/mecka/69/69b4b040f19ed0467e17179a.zarr,0,0,354,11.8,trim sticker with scissors
69b4b040f19ed0467e17179a,train,trimming_labels,full/human/mecka/69/69b4b040f19ed0467e17179a.zarr,1,354,972,20.6,apply sticker on plastic bag
69b4b040f19ed0467e17179a,train,trimming_labels,full/human/mecka/69/69b4b040f19ed0467e17179a.zarr,2,972,1500,17.6,trim sticker with scissors
69b4b040f19ed0467e17179a,train,trimming_labels,full/human/mecka/69/69b4b040f19ed0467e17179a.zarr,3,1500,1950,15.0,apply sticker on plastic bag
69b4b040f19ed0467e17179a,train,trimming_labels,full/human/mecka/69/69b4b040f19ed0467e17179a.zarr,4,1950,2453,16.767,trim sticker with scissors
69b4b1833065bf627cde2af6,train,packaging_cloths,full/human/mecka/8b/69b4b1833065bf627cde2af6.zarr,0,0,102,3.4,pick up cloth
69b4b1833065bf627cde2af6,train,packaging_cloths,full/human/mecka/8b/69b4b1833065bf627cde2af6.zarr,1,102,402,10.0,fold cloth
69b4b1833065bf627cde2af6,train,packaging_cloths,full/human/mecka/8b/69b4b1833065bf627cde2af6.zarr,2,402,708,10.2,fold cloth
69b4b1833065bf627cde2af6,train,packaging_cloths,full/human/mecka/8b/69b4b1833065bf627cde2af6.zarr,3,708,972,8.8,fold cloth
69b4b1833065bf627cde2af6,train,packaging_cloths,full/human/mecka/8b/69b4b1833065bf627cde2af6.zarr,4,972,1560,19.6,place folded cloth into plastic bag
69b4b1833065bf627cde2af6,train,packaging_cloths,full/human/mecka/8b/69b4b1833065bf627cde2af6.zarr,5,1560,1590,1.0,move packed cloth on table
69b4b1833065bf627cde2af6,train,packaging_cloths,full/human/mecka/8b/69b4b1833065bf627cde2af6.zarr,6,1590,1662,2.4,move packed cloth onto pile
69b4b1833065bf627cde2af6,train,packaging_cloths,full/human/mecka/8b/69b4b1833065bf627cde2af6.zarr,7,1662,1755,3.1,pick up cloth
69b4b1833065bf627cde2af6,train,packaging_cloths,full/human/mecka/8b/69b4b1833065bf627cde2af6.zarr,8,1755,1977,7.4,fold cloth
69b4b1833065bf627cde2af6,train,packaging_cloths,full/human/mecka/8b/69b4b1833065bf627cde2af6.zarr,9,1977,2397,14.0,fold cloth
69b4b196d2b46435f93cb12e,train,cleaning_gaskets,full/human/mecka/7d/69b4b196d2b46435f93cb12e.zarr,0,0,1698,56.6,clean engine gasket with cloth
69b4b196d2b46435f93cb12e,train,cleaning_gaskets,full/human/mecka/7d/69b4b196d2b46435f93cb12e.zarr,1,1698,2424,24.2,clean engine gasket with cloth
69b4b3e7c8f3797a5f1f67ba,train,sorting_beads,full/human/mecka/b2/69b4b3e7c8f3797a5f1f67ba.zarr,0,0,90,3.0,"adjust plastic bag, place plastic bag in container"
69b4b3e7c8f3797a5f1f67ba,train,sorting_beads,full/human/mecka/b2/69b4b3e7c8f3797a5f1f67ba.zarr,1,90,690,20.0,"pick up pink beads, place beads on table"
69b4b3e7c8f3797a5f1f67ba,train,sorting_beads,full/human/mecka/b2/69b4b3e7c8f3797a5f1f67ba.zarr,2,690,810,4.0,arrange pink beads on table
69b4b3e7c8f3797a5f1f67ba,train,sorting_beads,full/human/mecka/b2/69b4b3e7c8f3797a5f1f67ba.zarr,3,810,1230,14.0,move beads from table into plastic bag
69b4b3e7c8f3797a5f1f67ba,train,sorting_beads,full/human/mecka/b2/69b4b3e7c8f3797a5f1f67ba.zarr,4,1230,1296,2.2,place plastic bag in container
69b4b3e7c8f3797a5f1f67ba,train,sorting_beads,full/human/mecka/b2/69b4b3e7c8f3797a5f1f67ba.zarr,5,1296,1668,12.4,"pick up orange beads, place orange beads on table"
69b4b3e7c8f3797a5f1f67ba,train,sorting_beads,full/human/mecka/b2/69b4b3e7c8f3797a5f1f67ba.zarr,6,1668,1830,5.4,arrange orange beads on table
69b4b3e7c8f3797a5f1f67ba,train,sorting_beads,full/human/mecka/b2/69b4b3e7c8f3797a5f1f67ba.zarr,7,1830,2310,16.0,move orange beads from table into plastic bag
69b4b3e7c8f3797a5f1f67ba,train,sorting_beads,full/human/mecka/b2/69b4b3e7c8f3797a5f1f67ba.zarr,8,2310,2400,3.0,place plastic bag in container
69b4b5ca1d57a6d358e47a64,train,repairing_parts,full/human/mecka/a2/69b4b5ca1d57a6d358e47a64.zarr,0,0,342,11.4,scrub metal tool with sandpaper
69b4b5ca1d57a6d358e47a64,train,repairing_parts,full/human/mecka/a2/69b4b5ca1d57a6d358e47a64.zarr,1,342,828,16.2,scrub metal tool with sandpaper
69b4b5ca1d57a6d358e47a64,train,repairing_parts,full/human/mecka/a2/69b4b5ca1d57a6d358e47a64.zarr,2,828,1032,6.8,scrub metal tool with sandpaper
69b4b5ca1d57a6d358e47a64,train,repairing_parts,full/human/mecka/a2/69b4b5ca1d57a6d358e47a64.zarr,3,1032,1068,1.2,"place sandpaper on drum, pick up sandpaper"
69b4b5ca1d57a6d358e47a64,train,repairing_parts,full/human/mecka/a2/69b4b5ca1d57a6d358e47a64.zarr,4,1068,1620,18.4,scrub metal tool with sandpaper
69b4b5ca1d57a6d358e47a64,train,repairing_parts,full/human/mecka/a2/69b4b5ca1d57a6d358e47a64.zarr,5,1620,2397,25.9,scrub metal tool with sandpaper
69b4b97f671bfb1f5254e223,train,packaging_crafts,full/human/mecka/ab/69b4b97f671bfb1f5254e223.zarr,0,0,153,5.1,arrange craft materials on the table
69b4b97f671bfb1f5254e223,train,packaging_crafts,full/human/mecka/ab/69b4b97f671bfb1f5254e223.zarr,1,153,915,25.4,assemble yellow flower with green stem
69b4b97f671bfb1f5254e223,train,packaging_crafts,full/human/mecka/ab/69b4b97f671bfb1f5254e223.zarr,2,915,1590,22.5,place flower on card and into bag
69b4b97f671bfb1f5254e223,train,packaging_crafts,full/human/mecka/ab/69b4b97f671bfb1f5254e223.zarr,3,1590,2457,28.9,pick up and assemble blue and red flower
69b4bfcc74ac87c55e05aa9e,train,chopping_garlic,full/human/mecka/30/69b4bfcc74ac87c55e05aa9e.zarr,0,0,810,27.0,chop ginger on wooden board
69b4bfcc74ac87c55e05aa9e,train,chopping_garlic,full/human/mecka/30/69b4bfcc74ac87c55e05aa9e.zarr,1,810,1650,28.0,finely chop ginger with knife
69b4bfcc74ac87c55e05aa9e,train,chopping_garlic,full/human/mecka/30/69b4bfcc74ac87c55e05aa9e.zarr,2,1650,2391,24.7,continue mincing ginger on wooden board
69b4cec112a6cbd534b5ba8e,train,packing_clothes,full/human/mecka/47/69b4cec112a6cbd534b5ba8e.zarr,0,0,120,4.0,"spread shorts on table, pick up iron from table"
69b4cec112a6cbd534b5ba8e,train,packing_clothes,full/human/mecka/47/69b4cec112a6cbd534b5ba8e.zarr,1,120,660,18.0,iron front side of shorts
69b4cec112a6cbd534b5ba8e,train,packing_clothes,full/human/mecka/47/69b4cec112a6cbd534b5ba8e.zarr,2,660,750,3.0,flip shorts over
69b4cec112a6cbd534b5ba8e,train,packing_clothes,full/human/mecka/47/69b4cec112a6cbd534b5ba8e.zarr,3,750,1560,27.0,"iron back side of shorts, place iron on table"
69b4cec112a6cbd534b5ba8e,train,packing_clothes,full/human/mecka/47/69b4cec112a6cbd534b5ba8e.zarr,4,1560,1710,5.0,"adjust iron on table, fold shorts"
69b4cec112a6cbd534b5ba8e,train,packing_clothes,full/human/mecka/47/69b4cec112a6cbd534b5ba8e.zarr,5,1710,1950,8.0,"pick up plastic bag from table, place folded shorts into plastic bag"
69b4cec112a6cbd534b5ba8e,train,packing_clothes,full/human/mecka/47/69b4cec112a6cbd534b5ba8e.zarr,6,1950,2100,5.0,"pick up cardboard box from stack, place on table"
69b4cec112a6cbd534b5ba8e,train,packing_clothes,full/human/mecka/47/69b4cec112a6cbd534b5ba8e.zarr,7,2100,2190,3.0,open cardboard box
69b4cec112a6cbd534b5ba8e,train,packing_clothes,full/human/mecka/47/69b4cec112a6cbd534b5ba8e.zarr,8,2190,2268,2.6,"flip open cardboard box, pick up plastic bag with folded shorts from table"
69b4cec112a6cbd534b5ba8e,train,packing_clothes,full/human/mecka/47/69b4cec112a6cbd534b5ba8e.zarr,9,2268,2370,3.4,"place plastic bag with folded shorts in box, flip to close"
69b4cec112a6cbd534b5ba8e,train,packing_clothes,full/human/mecka/47/69b4cec112a6cbd534b5ba8e.zarr,10,2370,2499,4.3,close lid of cardboard box
69b4d0542e0e1cd2280ed428,train,repairing_computers,full/human/mecka/f4/69b4d0542e0e1cd2280ed428.zarr,0,0,390,13.0,unscrew component inside computer case with screwdriver
69b4d0542e0e1cd2280ed428,train,repairing_computers,full/human/mecka/f4/69b4d0542e0e1cd2280ed428.zarr,1,390,465,2.5,"place screwdriver on table, pick up red wire from table"
69b4d0542e0e1cd2280ed428,train,repairing_computers,full/human/mecka/f4/69b4d0542e0e1cd2280ed428.zarr,2,465,1338,29.1,adjust red wire
69b4d0542e0e1cd2280ed428,train,repairing_computers,full/human/mecka/f4/69b4d0542e0e1cd2280ed428.zarr,3,1338,1769,14.367,attach red wire to motherboard component
69b4d0542e0e1cd2280ed428,train,repairing_computers,full/human/mecka/f4/69b4d0542e0e1cd2280ed428.zarr,4,1769,2547,25.933,"pick up wire, attach wire to motherboard component"
69b4d354fa004527e6445863,train,making_candles,full/human/mecka/e6/69b4d354fa004527e6445863.zarr,0,0,141,4.7,pick up white cup from stack
69b4d354fa004527e6445863,train,making_candles,full/human/mecka/e6/69b4d354fa004527e6445863.zarr,1,141,216,2.5,pick up thread
69b4d354fa004527e6445863,train,making_candles,full/human/mecka/e6/69b4d354fa004527e6445863.zarr,2,216,400,6.133,place thread in cup
69b4d354fa004527e6445863,train,making_candles,full/human/mecka/e6/69b4d354fa004527e6445863.zarr,3,400,493,3.1,pick up metal pot
69b4d354fa004527e6445863,train,making_candles,full/human/mecka/e6/69b4d354fa004527e6445863.zarr,4,493,814,10.7,pour liquid from pot into cup
69b4d354fa004527e6445863,train,making_candles,full/human/mecka/e6/69b4d354fa004527e6445863.zarr,5,814,1008,6.467,"place metal pot on table, adjust white cap"
69b4d354fa004527e6445863,train,making_candles,full/human/mecka/e6/69b4d354fa004527e6445863.zarr,6,1008,1639,21.033,"pick up flower, pick up scissor and cut flower with scissors"
69b4d354fa004527e6445863,train,making_candles,full/human/mecka/e6/69b4d354fa004527e6445863.zarr,7,1639,1863,7.467,place scissor on table and move white cup
69b4d354fa004527e6445863,train,making_candles,full/human/mecka/e6/69b4d354fa004527e6445863.zarr,8,1863,2568,23.5,scoop white solid from plastic container
69b4d6776371c861a170a2ad,train,stringing_guitars,full/human/mecka/71/69b4d6776371c861a170a2ad.zarr,0,0,36,1.2,pick up guitar string
69b4d6776371c861a170a2ad,train,stringing_guitars,full/human/mecka/71/69b4d6776371c861a170a2ad.zarr,1,36,255,7.3,adjust guitar string
69b4d6776371c861a170a2ad,train,stringing_guitars,full/human/mecka/71/69b4d6776371c861a170a2ad.zarr,2,255,474,7.3,insert guitar string into bridge
69b4d6776371c861a170a2ad,train,stringing_guitars,full/human/mecka/71/69b4d6776371c861a170a2ad.zarr,3,474,795,10.7,thread guitar string through tuning peg
69b4d6776371c861a170a2ad,train,stringing_guitars,full/human/mecka/71/69b4d6776371c861a170a2ad.zarr,4,795,1236,14.7,tighten guitar string with tuning peg
69b4d6776371c861a170a2ad,train,stringing_guitars,full/human/mecka/71/69b4d6776371c861a170a2ad.zarr,5,1236,1685,14.967,"pick guitar string, adjust guitar string"
69b4d6776371c861a170a2ad,train,stringing_guitars,full/human/mecka/71/69b4d6776371c861a170a2ad.zarr,6,1685,2142,15.233,"insert guitar string into bridge, thread guitar string through tuning peg"
69b4d6776371c861a170a2ad,train,stringing_guitars,full/human/mecka/71/69b4d6776371c861a170a2ad.zarr,7,2142,2457,10.5,tighten guitar string on headstock
69b5007641a4401e4c3f54ee,train,labeling_phone_cases,full/human/mecka/9a/69b5007641a4401e4c3f54ee.zarr,0,0,240,8.0,write on yellow paper with pen
69b5007641a4401e4c3f54ee,train,labeling_phone_cases,full/human/mecka/9a/69b5007641a4401e4c3f54ee.zarr,1,240,450,7.0,peel sticker from yellow paper
69b5007641a4401e4c3f54ee,train,labeling_phone_cases,full/human/mecka/9a/69b5007641a4401e4c3f54ee.zarr,2,450,630,6.0,apply sticker on black phone case
69b5007641a4401e4c3f54ee,train,labeling_phone_cases,full/human/mecka/9a/69b5007641a4401e4c3f54ee.zarr,3,630,857,7.567,move black phone case in plastic bag
69b5007641a4401e4c3f54ee,train,labeling_phone_cases,full/human/mecka/9a/69b5007641a4401e4c3f54ee.zarr,4,857,930,2.433,place packaged black phone case on stack
69b5007641a4401e4c3f54ee,train,labeling_phone_cases,full/human/mecka/9a/69b5007641a4401e4c3f54ee.zarr,5,930,1001,2.367,adjust yellow paper on desk
69b5007641a4401e4c3f54ee,train,labeling_phone_cases,full/human/mecka/9a/69b5007641a4401e4c3f54ee.zarr,6,1001,1980,32.633,"pick up packaged black phone case, write on yellow paper"
69b5007641a4401e4c3f54ee,train,labeling_phone_cases,full/human/mecka/9a/69b5007641a4401e4c3f54ee.zarr,7,1980,2190,7.0,peel sticker from yellow paper
69b5007641a4401e4c3f54ee,train,labeling_phone_cases,full/human/mecka/9a/69b5007641a4401e4c3f54ee.zarr,8,2190,2664,15.8,apply sticker on black phone case
69b51c9862fdc2f575078a8a,train,cleaning_engines,full/human/mecka/b2/69b51c9862fdc2f575078a8a.zarr,0,0,768,25.6,sand engine block
69b51c9862fdc2f575078a8a,train,cleaning_engines,full/human/mecka/b2/69b51c9862fdc2f575078a8a.zarr,1,768,1176,13.6,wipe engine block with cloth
69b51c9862fdc2f575078a8a,train,cleaning_engines,full/human/mecka/b2/69b51c9862fdc2f575078a8a.zarr,2,1176,2694,50.6,sand engine block
69b52a105d5efd59f80d4b4a,train,sorting_candies,full/human/mecka/eb/69b52a105d5efd59f80d4b4a.zarr,0,0,103,3.433,pick up and adjust yellow candy
69b52a105d5efd59f80d4b4a,train,sorting_candies,full/human/mecka/eb/69b52a105d5efd59f80d4b4a.zarr,1,103,180,2.567,place candy in jar and pick up yellow candy
69b52a105d5efd59f80d4b4a,train,sorting_candies,full/human/mecka/eb/69b52a105d5efd59f80d4b4a.zarr,2,180,279,3.3,adjust yellow candy and place in jar
69b52a105d5efd59f80d4b4a,train,sorting_candies,full/human/mecka/eb/69b52a105d5efd59f80d4b4a.zarr,3,279,382,3.433,pick up and adjust green candy
69b52a105d5efd59f80d4b4a,train,sorting_candies,full/human/mecka/eb/69b52a105d5efd59f80d4b4a.zarr,4,382,494,3.733,place candy in jar and search through candy pile
69b52a105d5efd59f80d4b4a,train,sorting_candies,full/human/mecka/eb/69b52a105d5efd59f80d4b4a.zarr,5,494,595,3.367,pick up and white candy with red stripes
69b52a105d5efd59f80d4b4a,train,sorting_candies,full/human/mecka/eb/69b52a105d5efd59f80d4b4a.zarr,6,595,698,3.433,place candy in jar and pick up pink candy
69b52a105d5efd59f80d4b4a,train,sorting_candies,full/human/mecka/eb/69b52a105d5efd59f80d4b4a.zarr,7,698,813,3.833,adjust pink candy and place in jar
69b52a105d5efd59f80d4b4a,train,sorting_candies,full/human/mecka/eb/69b52a105d5efd59f80d4b4a.zarr,8,813,928,3.833,pick up and adjust small red candy
69b52a105d5efd59f80d4b4a,train,sorting_candies,full/human/mecka/eb/69b52a105d5efd59f80d4b4a.zarr,9,928,1051,4.1,adjust orange candy and place in jar
69b52a105d5efd59f80d4b4a,train,sorting_candies,full/human/mecka/eb/69b52a105d5efd59f80d4b4a.zarr,10,1051,1166,3.833,pick up and adjust red candy
69b52a105d5efd59f80d4b4a,train,sorting_candies,full/human/mecka/eb/69b52a105d5efd59f80d4b4a.zarr,11,1166,1275,3.633,place candy in jar and pick up red candy
69b52a105d5efd59f80d4b4a,train,sorting_candies,full/human/mecka/eb/69b52a105d5efd59f80d4b4a.zarr,12,1275,1390,3.833,pick up and adjust red candy
69b52a105d5efd59f80d4b4a,train,sorting_candies,full/human/mecka/eb/69b52a105d5efd59f80d4b4a.zarr,13,1390,1502,3.733,place candy in jar and pick up pink striped candy
69b52a105d5efd59f80d4b4a,train,sorting_candies,full/human/mecka/eb/69b52a105d5efd59f80d4b4a.zarr,14,1502,1622,4.0,adjust green candy and place in jar
69b52a105d5efd59f80d4b4a,train,sorting_candies,full/human/mecka/eb/69b52a105d5efd59f80d4b4a.zarr,15,1622,1746,4.133,pick up and adjust red candy
69b52a105d5efd59f80d4b4a,train,sorting_candies,full/human/mecka/eb/69b52a105d5efd59f80d4b4a.zarr,16,1746,1856,3.667,place candy in jar and pick up pink candy
69b52a105d5efd59f80d4b4a,train,sorting_candies,full/human/mecka/eb/69b52a105d5efd59f80d4b4a.zarr,17,1856,1972,3.867,adjust pink candy and place in jar
69b52a105d5efd59f80d4b4a,train,sorting_candies,full/human/mecka/eb/69b52a105d5efd59f80d4b4a.zarr,18,1972,2085,3.767,pick up and adjust green candy
69b52a105d5efd59f80d4b4a,train,sorting_candies,full/human/mecka/eb/69b52a105d5efd59f80d4b4a.zarr,19,2085,2196,3.7,place candy in jar and pick up white striped candy
69b52a105d5efd59f80d4b4a,train,sorting_candies,full/human/mecka/eb/69b52a105d5efd59f80d4b4a.zarr,20,2196,2313,3.9,adjust white striped candy and place in jar
69b52a105d5efd59f80d4b4a,train,sorting_candies,full/human/mecka/eb/69b52a105d5efd59f80d4b4a.zarr,21,2313,2432,3.967,pick up and adjust yellow candy
69b52a105d5efd59f80d4b4a,train,sorting_candies,full/human/mecka/eb/69b52a105d5efd59f80d4b4a.zarr,22,2432,2551,3.967,place candy in jar and pick up pink candy
69b52a105d5efd59f80d4b4a,train,sorting_candies,full/human/mecka/eb/69b52a105d5efd59f80d4b4a.zarr,23,2551,2640,2.967,adjust red candy and place in jar
69b52a105d5efd59f80d4b4a,train,sorting_candies,full/human/mecka/eb/69b52a105d5efd59f80d4b4a.zarr,24,2640,2697,1.9,pick up green candy and place in jar
69b5333a7ab5cb8d58718e37,train,restringing_guitars,full/human/mecka/e8/69b5333a7ab5cb8d58718e37.zarr,1,720,990,9.0,adjust string in hand
69b5333a7ab5cb8d58718e37,train,restringing_guitars,full/human/mecka/e8/69b5333a7ab5cb8d58718e37.zarr,2,990,1620,21.0,place string in bridge
69b5333a7ab5cb8d58718e37,train,restringing_guitars,full/human/mecka/e8/69b5333a7ab5cb8d58718e37.zarr,3,1620,1950,11.0,tighten string with tuning peg
69b5333a7ab5cb8d58718e37,train,restringing_guitars,full/human/mecka/e8/69b5333a7ab5cb8d58718e37.zarr,4,1950,2280,11.0,"place string in guitar headstock, adjust tuning peg"
69b5333a7ab5cb8d58718e37,train,restringing_guitars,full/human/mecka/e8/69b5333a7ab5cb8d58718e37.zarr,5,2280,2694,13.8,adjust string and tuning peg
69b533aba55386e5af547a6c,train,picking_leaves,full/human/mecka/70/69b533aba55386e5af547a6c.zarr,0,0,141,4.7,pick leaves from stem and discard stem
69b533aba55386e5af547a6c,train,picking_leaves,full/human/mecka/70/69b533aba55386e5af547a6c.zarr,1,141,1875,57.8,pick up herbs and remove leaves into colander
69b533aba55386e5af547a6c,train,picking_leaves,full/human/mecka/70/69b533aba55386e5af547a6c.zarr,2,1875,2697,27.4,pick up herbs and remove leaves into colander
69b533daa55386e5af547a6f,train,weaving_baskets,full/human/mecka/0a/69b533daa55386e5af547a6f.zarr,0,0,279,9.3,adjust paper strips in mat
69b533daa55386e5af547a6f,train,weaving_baskets,full/human/mecka/0a/69b533daa55386e5af547a6f.zarr,1,279,560,9.367,adjust paper strips in mat
69b533daa55386e5af547a6f,train,weaving_baskets,full/human/mecka/0a/69b533daa55386e5af547a6f.zarr,2,560,1059,16.633,align paper strips in mat
69b533daa55386e5af547a6f,train,weaving_baskets,full/human/mecka/0a/69b533daa55386e5af547a6f.zarr,3,1059,1230,5.7,reposition mat on table
69b533daa55386e5af547a6f,train,weaving_baskets,full/human/mecka/0a/69b533daa55386e5af547a6f.zarr,4,1230,1693,15.433,weave mat with paper strips
69b533daa55386e5af547a6f,train,weaving_baskets,full/human/mecka/0a/69b533daa55386e5af547a6f.zarr,5,1693,2156,15.433,weave mat with paper strips
69b533daa55386e5af547a6f,train,weaving_baskets,full/human/mecka/0a/69b533daa55386e5af547a6f.zarr,6,2156,2619,15.433,weave mat with paper strips
69b533daa55386e5af547a6f,train,weaving_baskets,full/human/mecka/0a/69b533daa55386e5af547a6f.zarr,7,2619,2697,2.6,pick up woven mat on table
69b541c9c7e02bc8d412b086,train,sorting_buttons,full/human/mecka/d2/69b541c9c7e02bc8d412b086.zarr,0,0,223,7.433,"pick up beads from container, place beads on table"
69b541c9c7e02bc8d412b086,train,sorting_buttons,full/human/mecka/d2/69b541c9c7e02bc8d412b086.zarr,1,223,381,5.267,"pick up beads from container, place beads on table"
69b541c9c7e02bc8d412b086,train,sorting_buttons,full/human/mecka/d2/69b541c9c7e02bc8d412b086.zarr,2,381,544,5.433,"pick up beads from container, place beads on table"
69b541c9c7e02bc8d412b086,train,sorting_buttons,full/human/mecka/d2/69b541c9c7e02bc8d412b086.zarr,3,544,789,8.167,"pick up beads from container, place beads on table"
69b541c9c7e02bc8d412b086,train,sorting_buttons,full/human/mecka/d2/69b541c9c7e02bc8d412b086.zarr,4,789,984,6.5,"pick up beads from container, place beads on table"
69b541c9c7e02bc8d412b086,train,sorting_buttons,full/human/mecka/d2/69b541c9c7e02bc8d412b086.zarr,5,984,1171,6.233,"pick up beads from container, place beads on table"
69b541c9c7e02bc8d412b086,train,sorting_buttons,full/human/mecka/d2/69b541c9c7e02bc8d412b086.zarr,6,1171,1410,7.967,"pick up beads from container, place beads on table"
69b541c9c7e02bc8d412b086,train,sorting_buttons,full/human/mecka/d2/69b541c9c7e02bc8d412b086.zarr,7,1410,1569,5.3,"pick up beads from container, place beads on table"
69b541c9c7e02bc8d412b086,train,sorting_buttons,full/human/mecka/d2/69b541c9c7e02bc8d412b086.zarr,8,1569,1735,5.533,"pick up beads from container, place beads on table"
69b541c9c7e02bc8d412b086,train,sorting_buttons,full/human/mecka/d2/69b541c9c7e02bc8d412b086.zarr,9,1735,1890,5.167,pick up and open plastic bag
69b541c9c7e02bc8d412b086,train,sorting_buttons,full/human/mecka/d2/69b541c9c7e02bc8d412b086.zarr,10,1890,2394,16.8,move beads from table to plastic bag
69b541c9c7e02bc8d412b086,train,sorting_buttons,full/human/mecka/d2/69b541c9c7e02bc8d412b086.zarr,11,2394,2697,10.1,hold plastic bag
69b5444917219d378d74aa8f,train,sewing_leather,full/human/mecka/7a/69b5444917219d378d74aa8f.zarr,0,0,660,22.0,sew fabric piece
69b5444917219d378d74aa8f,train,sewing_leather,full/human/mecka/7a/69b5444917219d378d74aa8f.zarr,1,660,1320,22.0,sew fabric piece
69b5444917219d378d74aa8f,train,sewing_leather,full/human/mecka/7a/69b5444917219d378d74aa8f.zarr,2,1320,1980,22.0,sew fabric piece
69b5444917219d378d74aa8f,train,sewing_leather,full/human/mecka/7a/69b5444917219d378d74aa8f.zarr,3,1980,2697,23.9,sew fabric piece
69b5556a0403c14bba1f62f6,train,packing_food,full/human/mecka/2a/69b5556a0403c14bba1f62f6.zarr,0,0,930,31.0,move snacks to plastic bag
69b5556a0403c14bba1f62f6,train,packing_food,full/human/mecka/2a/69b5556a0403c14bba1f62f6.zarr,1,930,996,2.2,"press button on scale, place plastic bag on scale"
69b5556a0403c14bba1f62f6,train,packing_food,full/human/mecka/2a/69b5556a0403c14bba1f62f6.zarr,2,996,1647,21.7,move snacks to plastic bag
69b5556a0403c14bba1f62f6,train,packing_food,full/human/mecka/2a/69b5556a0403c14bba1f62f6.zarr,3,1647,1779,4.4,seal plastic bag
69b5556a0403c14bba1f62f6,train,packing_food,full/human/mecka/2a/69b5556a0403c14bba1f62f6.zarr,4,1779,1812,1.1,place plastic bag on pile
69b5556a0403c14bba1f62f6,train,packing_food,full/human/mecka/2a/69b5556a0403c14bba1f62f6.zarr,5,1812,2694,29.4,move snacks to plastic bag
69b555b7a97937a3e2fb3d65,train,packaging_nuts,full/human/mecka/24/69b555b7a97937a3e2fb3d65.zarr,0,0,491,16.367,open and fill plastic bag with pellets in bowl
69b555b7a97937a3e2fb3d65,train,packaging_nuts,full/human/mecka/24/69b555b7a97937a3e2fb3d65.zarr,1,491,582,3.033,"place filled plastic bag on pile on table, pick up empty plastic bag on table"
69b555b7a97937a3e2fb3d65,train,packaging_nuts,full/human/mecka/24/69b555b7a97937a3e2fb3d65.zarr,2,582,1659,35.9,open and fill plastic bag with pellets in bowl
69b555b7a97937a3e2fb3d65,train,packaging_nuts,full/human/mecka/24/69b555b7a97937a3e2fb3d65.zarr,3,1659,1818,5.3,"pour pellets in bowl from plastic bag, place filled plastic bag on pile on table"
69b555b7a97937a3e2fb3d65,train,packaging_nuts,full/human/mecka/24/69b555b7a97937a3e2fb3d65.zarr,4,1818,2178,12.0,pick up spoon and scoop pellets in tray into bowl
69b555b7a97937a3e2fb3d65,train,packaging_nuts,full/human/mecka/24/69b555b7a97937a3e2fb3d65.zarr,5,2178,2274,3.2,pick up and pour liquid into bowl from bottle
69b555b7a97937a3e2fb3d65,train,packaging_nuts,full/human/mecka/24/69b555b7a97937a3e2fb3d65.zarr,6,2274,2694,14.0,"place bottle on table, adjust pellets in bowl"
69b55b6a6371c861a170a698,train,repairing_engines,full/human/mecka/21/69b55b6a6371c861a170a698.zarr,0,0,450,15.0,scrub piston with metal piece
69b55b6a6371c861a170a698,train,repairing_engines,full/human/mecka/21/69b55b6a6371c861a170a698.zarr,1,450,1215,25.5,scrub piston with metal piece
69b55b6a6371c861a170a698,train,repairing_engines,full/human/mecka/21/69b55b6a6371c861a170a698.zarr,2,1215,1296,2.7,"place metal piece on stool, pick up cloth"
69b55b6a6371c861a170a698,train,repairing_engines,full/human/mecka/21/69b55b6a6371c861a170a698.zarr,3,1296,1401,3.5,"wipe piston with cloth, place cloth on floor"
69b55b6a6371c861a170a698,train,repairing_engines,full/human/mecka/21/69b55b6a6371c861a170a698.zarr,4,1401,1461,2.0,"pick up metal piece, adjust cloth"
69b55b6a6371c861a170a698,train,repairing_engines,full/human/mecka/21/69b55b6a6371c861a170a698.zarr,5,1461,2100,21.3,scrub piston with metal piece
69b55b6a6371c861a170a698,train,repairing_engines,full/human/mecka/21/69b55b6a6371c861a170a698.zarr,6,2100,2676,19.2,scrub piston with metal piece
69b567c5179ecfd3b33aa382,train,processing_leather_strips,full/human/mecka/c4/69b567c5179ecfd3b33aa382.zarr,0,0,63,2.1,adjust puncture rod with marking rod
69b567c5179ecfd3b33aa382,train,processing_leather_strips,full/human/mecka/c4/69b567c5179ecfd3b33aa382.zarr,1,63,113,1.667,move marking rod to table
69b567c5179ecfd3b33aa382,train,processing_leather_strips,full/human/mecka/c4/69b567c5179ecfd3b33aa382.zarr,2,113,186,2.433,hold puncture rod
69b567c5179ecfd3b33aa382,train,processing_leather_strips,full/human/mecka/c4/69b567c5179ecfd3b33aa382.zarr,3,186,393,6.9,move strap to pile
69b567c5179ecfd3b33aa382,train,processing_leather_strips,full/human/mecka/c4/69b567c5179ecfd3b33aa382.zarr,4,393,822,14.3,move straps on table
69b567c5179ecfd3b33aa382,train,processing_leather_strips,full/human/mecka/c4/69b567c5179ecfd3b33aa382.zarr,5,822,1380,18.6,mark strap with marking rod
69b567c5179ecfd3b33aa382,train,processing_leather_strips,full/human/mecka/c4/69b567c5179ecfd3b33aa382.zarr,6,1380,1680,10.0,puncture strap with puncture rod and hammer
69b567c5179ecfd3b33aa382,train,processing_leather_strips,full/human/mecka/c4/69b567c5179ecfd3b33aa382.zarr,7,1680,1770,3.0,puncture strap with puncture rod and hammer
69b567c5179ecfd3b33aa382,train,processing_leather_strips,full/human/mecka/c4/69b567c5179ecfd3b33aa382.zarr,8,1770,1890,4.0,puncture strap with puncture rod and hammer
69b567c5179ecfd3b33aa382,train,processing_leather_strips,full/human/mecka/c4/69b567c5179ecfd3b33aa382.zarr,9,1890,2015,4.167,puncture strap with puncture rod and hammer
69b567c5179ecfd3b33aa382,train,processing_leather_strips,full/human/mecka/c4/69b567c5179ecfd3b33aa382.zarr,10,2015,2110,3.167,puncture strap with puncture rod and hammer
69b567c5179ecfd3b33aa382,train,processing_leather_strips,full/human/mecka/c4/69b567c5179ecfd3b33aa382.zarr,11,2110,2220,3.667,puncture strap with puncture rod and hammer
69b567c5179ecfd3b33aa382,train,processing_leather_strips,full/human/mecka/c4/69b567c5179ecfd3b33aa382.zarr,12,2220,2321,3.367,puncture strap with puncture rod and hammer
69b567c5179ecfd3b33aa382,train,processing_leather_strips,full/human/mecka/c4/69b567c5179ecfd3b33aa382.zarr,13,2321,2430,3.633,puncture strap with puncture rod and hammer
69b567c5179ecfd3b33aa382,train,processing_leather_strips,full/human/mecka/c4/69b567c5179ecfd3b33aa382.zarr,14,2430,2520,3.0,puncture strap with puncture rod and hammer
69b567c5179ecfd3b33aa382,train,processing_leather_strips,full/human/mecka/c4/69b567c5179ecfd3b33aa382.zarr,15,2520,2610,3.0,puncture strap with puncture rod and hammer
69b567c5179ecfd3b33aa382,train,processing_leather_strips,full/human/mecka/c4/69b567c5179ecfd3b33aa382.zarr,16,2610,2694,2.8,move strap
69b56a877c84b98b9831e9f3,train,inspecting_screen_protectors,full/human/mecka/e2/69b56a877c84b98b9831e9f3.zarr,0,0,153,5.1,adjust protective film on screen
69b56a877c84b98b9831e9f3,train,inspecting_screen_protectors,full/human/mecka/e2/69b56a877c84b98b9831e9f3.zarr,1,153,259,3.533,adjust protective film on screen
69b56a877c84b98b9831e9f3,train,inspecting_screen_protectors,full/human/mecka/e2/69b56a877c84b98b9831e9f3.zarr,2,259,397,4.6,adjust ribbon cable on screen
69b56a877c84b98b9831e9f3,train,inspecting_screen_protectors,full/human/mecka/e2/69b56a877c84b98b9831e9f3.zarr,3,397,603,6.867,"adjust screen, pick up box"
69b56a877c84b98b9831e9f3,train,inspecting_screen_protectors,full/human/mecka/e2/69b56a877c84b98b9831e9f3.zarr,4,603,867,8.8,insert screen in box
69b56a877c84b98b9831e9f3,train,inspecting_screen_protectors,full/human/mecka/e2/69b56a877c84b98b9831e9f3.zarr,5,867,922,1.833,"place box in cardboard box, pick up box"
69b56a877c84b98b9831e9f3,train,inspecting_screen_protectors,full/human/mecka/e2/69b56a877c84b98b9831e9f3.zarr,6,922,976,1.8,"pick up screen from box, place box on blue mat"
69b56a877c84b98b9831e9f3,train,inspecting_screen_protectors,full/human/mecka/e2/69b56a877c84b98b9831e9f3.zarr,7,976,1212,7.867,adjust ribbon cable on screen
69b56a877c84b98b9831e9f3,train,inspecting_screen_protectors,full/human/mecka/e2/69b56a877c84b98b9831e9f3.zarr,8,1212,1557,11.5,peel protective film from screen
69b56a877c84b98b9831e9f3,train,inspecting_screen_protectors,full/human/mecka/e2/69b56a877c84b98b9831e9f3.zarr,9,1557,1683,4.2,retrieve protective film from screen
69b56a877c84b98b9831e9f3,train,inspecting_screen_protectors,full/human/mecka/e2/69b56a877c84b98b9831e9f3.zarr,10,1683,1910,7.567,adjust ribbon cable on screen
69b56a877c84b98b9831e9f3,train,inspecting_screen_protectors,full/human/mecka/e2/69b56a877c84b98b9831e9f3.zarr,11,1910,1967,1.9,insert screen in box
69b56a877c84b98b9831e9f3,train,inspecting_screen_protectors,full/human/mecka/e2/69b56a877c84b98b9831e9f3.zarr,12,1967,2024,1.9,"place box in cardboard box, pick up box"
69b56a877c84b98b9831e9f3,train,inspecting_screen_protectors,full/human/mecka/e2/69b56a877c84b98b9831e9f3.zarr,13,2024,2125,3.367,"pick up screen, adjust screen"
69b56a877c84b98b9831e9f3,train,inspecting_screen_protectors,full/human/mecka/e2/69b56a877c84b98b9831e9f3.zarr,14,2125,2360,7.833,adjust ribbon cable on screen
69b56a877c84b98b9831e9f3,train,inspecting_screen_protectors,full/human/mecka/e2/69b56a877c84b98b9831e9f3.zarr,15,2360,2694,11.133,retrieve protective film from screen
69b56b04ab11feb5530532da,train,attaching_hardware,full/human/mecka/6d/69b56b04ab11feb5530532da.zarr,0,0,600,20.0,"place white piece on black strap, hammer white piece into black strap"
69b56b04ab11feb5530532da,train,attaching_hardware,full/human/mecka/6d/69b56b04ab11feb5530532da.zarr,1,600,1110,17.0,hammer white piece into black strap
69b56b04ab11feb5530532da,train,attaching_hardware,full/human/mecka/6d/69b56b04ab11feb5530532da.zarr,2,1110,1260,5.0,drop white piece
69b56b04ab11feb5530532da,train,attaching_hardware,full/human/mecka/6d/69b56b04ab11feb5530532da.zarr,3,1260,1380,4.0,remove black strap from pile
69b56b04ab11feb5530532da,train,attaching_hardware,full/human/mecka/6d/69b56b04ab11feb5530532da.zarr,4,1380,2070,23.0,"pick up black strap from pile, hammer white piece into black strap"
69b56b04ab11feb5530532da,train,attaching_hardware,full/human/mecka/6d/69b56b04ab11feb5530532da.zarr,5,2070,2684,20.467,hammer white piece into black strap
69b56d77130037c5b4ba6271,train,leveling_soil,full/human/mecka/bb/69b56d77130037c5b4ba6271.zarr,0,0,336,11.2,scoop soil into container and spread it out
69b56d77130037c5b4ba6271,train,leveling_soil,full/human/mecka/bb/69b56d77130037c5b4ba6271.zarr,1,336,1033,23.233,scoop soil into container and press it down
69b56d77130037c5b4ba6271,train,leveling_soil,full/human/mecka/bb/69b56d77130037c5b4ba6271.zarr,2,1033,1863,27.667,scoop soil into container and level the surface
69b56d77130037c5b4ba6271,train,leveling_soil,full/human/mecka/bb/69b56d77130037c5b4ba6271.zarr,3,1863,2691,27.6,adjust soil in container and smooth the surface
69b5787422471f0894f4cd4b,train,repairing_phones,full/human/mecka/4a/69b5787422471f0894f4cd4b.zarr,0,0,89,2.967,adjust electronic component on desk
69b5787422471f0894f4cd4b,train,repairing_phones,full/human/mecka/4a/69b5787422471f0894f4cd4b.zarr,1,89,552,15.433,"pick up electronic circuit board, adjust electronic component"
69b5787422471f0894f4cd4b,train,repairing_phones,full/human/mecka/4a/69b5787422471f0894f4cd4b.zarr,2,552,1440,29.6,"align electronic component, press electronic component"
69b5787422471f0894f4cd4b,train,repairing_phones,full/human/mecka/4a/69b5787422471f0894f4cd4b.zarr,3,1440,2340,30.0,press electronic component
69b5787422471f0894f4cd4b,train,repairing_phones,full/human/mecka/4a/69b5787422471f0894f4cd4b.zarr,4,2340,2565,7.5,adjust electronic component
69b5787422471f0894f4cd4b,train,repairing_phones,full/human/mecka/4a/69b5787422471f0894f4cd4b.zarr,5,2565,2697,4.4,"pick up circuit board, adjust electronic component"
69b5797cc4c5496f9afd4bf9,train,filling_vials,full/human/mecka/e1/69b5797cc4c5496f9afd4bf9.zarr,0,0,133,4.433,"pick up syringe, squeeze syringe"
69b5797cc4c5496f9afd4bf9,train,filling_vials,full/human/mecka/e1/69b5797cc4c5496f9afd4bf9.zarr,1,133,399,8.867,inject liquid from syringe into big bottle
69b5797cc4c5496f9afd4bf9,train,filling_vials,full/human/mecka/e1/69b5797cc4c5496f9afd4bf9.zarr,2,399,861,15.4,draw liquid from small bottle with syringe
69b5797cc4c5496f9afd4bf9,train,filling_vials,full/human/mecka/e1/69b5797cc4c5496f9afd4bf9.zarr,3,861,1200,11.3,inject liquid from syringe into test tube
69b5797cc4c5496f9afd4bf9,train,filling_vials,full/human/mecka/e1/69b5797cc4c5496f9afd4bf9.zarr,4,1200,1576,12.533,draw liquid from small bottle with syringe
69b5797cc4c5496f9afd4bf9,train,filling_vials,full/human/mecka/e1/69b5797cc4c5496f9afd4bf9.zarr,5,1576,1866,9.667,inject liquid from syringe into test tube
69b5797cc4c5496f9afd4bf9,train,filling_vials,full/human/mecka/e1/69b5797cc4c5496f9afd4bf9.zarr,6,1866,1962,3.2,"place syringe on table, pick up test tube"
69b5797cc4c5496f9afd4bf9,train,filling_vials,full/human/mecka/e1/69b5797cc4c5496f9afd4bf9.zarr,7,1962,2544,19.4,pour liquid from test tube into tiny bottle
69b5797cc4c5496f9afd4bf9,train,filling_vials,full/human/mecka/e1/69b5797cc4c5496f9afd4bf9.zarr,8,2544,2697,5.1,"place test tube on table, pick up syringe"
69b57dfc096a5342c3dc7bf9,train,assembling_furniture,full/human/mecka/47/69b57dfc096a5342c3dc7bf9.zarr,0,0,240,8.0,"drill screws into door hinges with power drill, close cabinet door"
69b57dfc096a5342c3dc7bf9,train,assembling_furniture,full/human/mecka/47/69b57dfc096a5342c3dc7bf9.zarr,1,240,360,4.0,place power drill on floor
69b57dfc096a5342c3dc7bf9,train,assembling_furniture,full/human/mecka/47/69b57dfc096a5342c3dc7bf9.zarr,2,360,1055,23.167,"pick cabinet door, position cabinet door against cabinet frame"
69b57dfc096a5342c3dc7bf9,train,assembling_furniture,full/human/mecka/47/69b57dfc096a5342c3dc7bf9.zarr,3,1055,1287,7.733,"pick up power drill, move screw to power drill"
69b57dfc096a5342c3dc7bf9,train,assembling_furniture,full/human/mecka/47/69b57dfc096a5342c3dc7bf9.zarr,4,1287,1536,8.3,drill screws into door hinges with power drill
69b57dfc096a5342c3dc7bf9,train,assembling_furniture,full/human/mecka/47/69b57dfc096a5342c3dc7bf9.zarr,5,1536,1785,8.3,"place power drill on floor, pick up screws"
69b57dfc096a5342c3dc7bf9,train,assembling_furniture,full/human/mecka/47/69b57dfc096a5342c3dc7bf9.zarr,6,1785,1842,1.9,"pick up screws, position screw on power drill"
69b57dfc096a5342c3dc7bf9,train,assembling_furniture,full/human/mecka/47/69b57dfc096a5342c3dc7bf9.zarr,7,1842,2184,11.4,drill screws into door hinges with power drill
69b57dfc096a5342c3dc7bf9,train,assembling_furniture,full/human/mecka/47/69b57dfc096a5342c3dc7bf9.zarr,8,2184,2691,16.9,"close cabinet door, adjust power drill"
69b68ec2f2710b05b13a6d88,train,watering_plants,full/human/mecka/20/69b68ec2f2710b05b13a6d88.zarr,0,0,354,11.8,spray plants
69b68ec2f2710b05b13a6d88,train,watering_plants,full/human/mecka/20/69b68ec2f2710b05b13a6d88.zarr,1,354,465,3.7,pump sprayer
69b68ec2f2710b05b13a6d88,train,watering_plants,full/human/mecka/20/69b68ec2f2710b05b13a6d88.zarr,2,465,663,6.6,spray plant with thick trunk
69b68ec2f2710b05b13a6d88,train,watering_plants,full/human/mecka/20/69b68ec2f2710b05b13a6d88.zarr,3,663,928,8.833,spray plants
69b68ec2f2710b05b13a6d88,train,watering_plants,full/human/mecka/20/69b68ec2f2710b05b13a6d88.zarr,4,928,1032,3.467,pump sprayer
69b68ec2f2710b05b13a6d88,train,watering_plants,full/human/mecka/20/69b68ec2f2710b05b13a6d88.zarr,5,1032,1611,19.3,spray plants
69b68ec2f2710b05b13a6d88,train,watering_plants,full/human/mecka/20/69b68ec2f2710b05b13a6d88.zarr,6,1611,1725,3.8,pump sprayer
69b68ec2f2710b05b13a6d88,train,watering_plants,full/human/mecka/20/69b68ec2f2710b05b13a6d88.zarr,7,1725,1815,3.0,spray plants
69b6988e4da1fe51454a083e,train,cutting_grass,full/human/mecka/09/69b6988e4da1fe51454a083e.zarr,0,0,1800,60.0,cut weeds with pruning shears
69b6988e4da1fe51454a083e,train,cutting_grass,full/human/mecka/09/69b6988e4da1fe51454a083e.zarr,1,1800,1944,4.8,cut weeds with pruning shears
69b6a6274c0646b574a5100e,train,washing_utensils,full/human/mecka/2f/69b6a6274c0646b574a5100e.zarr,0,0,386,12.867,"pick up sponge from sink, wash black spoon with sponge"
69b6a6274c0646b574a5100e,train,washing_utensils,full/human/mecka/2f/69b6a6274c0646b574a5100e.zarr,1,386,426,1.333,"place sponge in sink, pick up blue sponge from tray"
69b6a6274c0646b574a5100e,train,washing_utensils,full/human/mecka/2f/69b6a6274c0646b574a5100e.zarr,2,426,681,8.5,"wash black spoon with blue sponge, place blue sponge in container"
69b6a6274c0646b574a5100e,train,washing_utensils,full/human/mecka/2f/69b6a6274c0646b574a5100e.zarr,3,681,932,8.367,"open faucet, rinse black spoon under running water"
69b6a6274c0646b574a5100e,train,washing_utensils,full/human/mecka/2f/69b6a6274c0646b574a5100e.zarr,4,932,1097,5.5,"close faucet, place black spoon in rack"
69b6a6274c0646b574a5100e,train,washing_utensils,full/human/mecka/2f/69b6a6274c0646b574a5100e.zarr,5,1097,1182,2.833,"pick up silver utensil from sink, pick up sponge from container"
69b6a6274c0646b574a5100e,train,washing_utensils,full/human/mecka/2f/69b6a6274c0646b574a5100e.zarr,6,1182,1374,6.4,"wash silver utensil with sponge, place silver utensils on tray"
69b6a6274c0646b574a5100e,train,washing_utensils,full/human/mecka/2f/69b6a6274c0646b574a5100e.zarr,7,1374,1473,3.3,"pick up silver utensil from sink, wash silver utensil with sponge"
69b6a6274c0646b574a5100e,train,washing_utensils,full/human/mecka/2f/69b6a6274c0646b574a5100e.zarr,8,1473,1521,1.6,"place sponge in container, open faucet"
69b6a6274c0646b574a5100e,train,washing_utensils,full/human/mecka/2f/69b6a6274c0646b574a5100e.zarr,9,1521,1659,4.6,"rinse silver utensil under running water, close faucet"
69b6a6274c0646b574a5100e,train,washing_utensils,full/human/mecka/2f/69b6a6274c0646b574a5100e.zarr,10,1659,1779,4.0,"place silver utensil in rack, pick up silver utensil from tray"
69b6a6274c0646b574a5100e,train,washing_utensils,full/human/mecka/2f/69b6a6274c0646b574a5100e.zarr,11,1779,1935,5.2,"open faucet, rinse silver utensil under running water"
69b6a6274c0646b574a5100e,train,washing_utensils,full/human/mecka/2f/69b6a6274c0646b574a5100e.zarr,12,1935,2034,3.3,"close faucet, adjust silver utensil"
69b6bd0ce1b8ba5278f6c1c9,train,mopping,full/human/mecka/44/69b6bd0ce1b8ba5278f6c1c9.zarr,0,0,1109,36.967,mop floor with mop
69b6bd0ce1b8ba5278f6c1c9,train,mopping,full/human/mecka/44/69b6bd0ce1b8ba5278f6c1c9.zarr,1,1109,1374,8.833,"pick up bottle, place bottle on table"
69b6bd0ce1b8ba5278f6c1c9,train,mopping,full/human/mecka/44/69b6bd0ce1b8ba5278f6c1c9.zarr,2,1374,2064,23.0,mop floor with mop
69b872ec0a20ea4e2d821e66,train,cleaning_stovetop,full/human/mecka/ff/69b872ec0a20ea4e2d821e66.zarr,0,0,383,12.767,"wipe stove with orange cloth, put down orange cloth and spray bottle"
69b872ec0a20ea4e2d821e66,train,cleaning_stovetop,full/human/mecka/ff/69b872ec0a20ea4e2d821e66.zarr,1,383,594,7.033,"pick up pot from countertop, place pot on stove"
69b872ec0a20ea4e2d821e66,train,cleaning_stovetop,full/human/mecka/ff/69b872ec0a20ea4e2d821e66.zarr,2,594,759,5.5,"pick up orange cloth and spray bottle from countertop, wipe stove with orange cloth"
69b872ec0a20ea4e2d821e66,train,cleaning_stovetop,full/human/mecka/ff/69b872ec0a20ea4e2d821e66.zarr,3,759,828,2.3,put down orange cloth and spray bottle
69b872ec0a20ea4e2d821e66,train,cleaning_stovetop,full/human/mecka/ff/69b872ec0a20ea4e2d821e66.zarr,4,828,960,4.4,"pick up stove grate from countertop, place stove grate on stove"
69b872ec0a20ea4e2d821e66,train,cleaning_stovetop,full/human/mecka/ff/69b872ec0a20ea4e2d821e66.zarr,5,960,1092,4.4,"pick up large pot from countertop, place large pot on stove"
69b872ec0a20ea4e2d821e66,train,cleaning_stovetop,full/human/mecka/ff/69b872ec0a20ea4e2d821e66.zarr,6,1092,1269,5.9,"pick up small pot from countertop, put down small pot, adjust large pot"
69b872ec0a20ea4e2d821e66,train,cleaning_stovetop,full/human/mecka/ff/69b872ec0a20ea4e2d821e66.zarr,7,1269,1392,4.1,"pick up small pot from countertop, place small pot on stove"
69b872ec0a20ea4e2d821e66,train,cleaning_stovetop,full/human/mecka/ff/69b872ec0a20ea4e2d821e66.zarr,8,1392,1677,9.5,"pick up orange cloth and spray bottle from countertop, wipe countertop with orange cloth"
69b872ec0a20ea4e2d821e66,train,cleaning_stovetop,full/human/mecka/ff/69b872ec0a20ea4e2d821e66.zarr,9,1677,2070,13.1,"spray water on countertop with spray bottle, wipe countertop with orange cloth"
69b872ec0a20ea4e2d821e66,train,cleaning_stovetop,full/human/mecka/ff/69b872ec0a20ea4e2d821e66.zarr,10,2070,2210,4.667,"wipe countertop with orange cloth, reposition food organizer"
69b872ec0a20ea4e2d821e66,train,cleaning_stovetop,full/human/mecka/ff/69b872ec0a20ea4e2d821e66.zarr,11,2210,2706,16.533,"spray water on countertop with spray bottle, wipe countertop with orange cloth"
69b872ec0a20ea4e2d821e66,train,cleaning_stovetop,full/human/mecka/ff/69b872ec0a20ea4e2d821e66.zarr,12,2706,2784,2.6,"put down orange cloth, reposition food organizer"
69b872ec0a20ea4e2d821e66,train,cleaning_stovetop,full/human/mecka/ff/69b872ec0a20ea4e2d821e66.zarr,13,2784,2877,3.1,"pick up orange cloth from countertop, wipe countertop with orange cloth, spray water on countertop with spray bottle"
69b88da8329155a5c842746b,train,cleaning_windows,full/human/mecka/65/69b88da8329155a5c842746b.zarr,0,0,696,23.2,wipe window with cloth
69b88da8329155a5c842746b,train,cleaning_windows,full/human/mecka/65/69b88da8329155a5c842746b.zarr,1,696,912,7.2,spray and wipe window with cloth
69b88da8329155a5c842746b,train,cleaning_windows,full/human/mecka/65/69b88da8329155a5c842746b.zarr,2,912,1647,24.5,spray and wipe window with cloth
69b88da8329155a5c842746b,train,cleaning_windows,full/human/mecka/65/69b88da8329155a5c842746b.zarr,3,1647,1872,7.5,spray and wipe window with cloth
69b88da8329155a5c842746b,train,cleaning_windows,full/human/mecka/65/69b88da8329155a5c842746b.zarr,4,1872,2457,19.5,spray and wipe window with cloth
69b901d5ace9d1c4923cfc20,train,cleaning_dishes,full/human/mecka/fe/69b901d5ace9d1c4923cfc20.zarr,0,0,279,9.3,"wipe bowl with cloth, place bowl on stack"
69b901d5ace9d1c4923cfc20,train,cleaning_dishes,full/human/mecka/fe/69b901d5ace9d1c4923cfc20.zarr,1,279,375,3.2,"place bowl on stack, pick up bowl"
69b901d5ace9d1c4923cfc20,train,cleaning_dishes,full/human/mecka/fe/69b901d5ace9d1c4923cfc20.zarr,2,375,660,9.5,"wipe bowl with cloth, place bowl on stack"
69b901d5ace9d1c4923cfc20,train,cleaning_dishes,full/human/mecka/fe/69b901d5ace9d1c4923cfc20.zarr,3,660,864,6.8,"pick up bowl, wipe bowl with cloth"
69b901d5ace9d1c4923cfc20,train,cleaning_dishes,full/human/mecka/fe/69b901d5ace9d1c4923cfc20.zarr,4,864,942,2.6,"place bowl on stack, pick up bowl"
69b901d5ace9d1c4923cfc20,train,cleaning_dishes,full/human/mecka/fe/69b901d5ace9d1c4923cfc20.zarr,5,942,1257,10.5,"wipe bowl with cloth, place bowl on stack"
69b901d5ace9d1c4923cfc20,train,cleaning_dishes,full/human/mecka/fe/69b901d5ace9d1c4923cfc20.zarr,6,1257,1290,1.1,pick up bowls
69b901d5ace9d1c4923cfc20,train,cleaning_dishes,full/human/mecka/fe/69b901d5ace9d1c4923cfc20.zarr,7,1290,2100,27.0,"pick up bowls, place bowls on shelf"
69b901d5ace9d1c4923cfc20,train,cleaning_dishes,full/human/mecka/fe/69b901d5ace9d1c4923cfc20.zarr,8,2100,2226,4.2,"pick up cloth, adjust cloth"
69b901d5ace9d1c4923cfc20,train,cleaning_dishes,full/human/mecka/fe/69b901d5ace9d1c4923cfc20.zarr,9,2226,2292,2.2,"place cloth on table, pick up cloth"
69b901d5ace9d1c4923cfc20,train,cleaning_dishes,full/human/mecka/fe/69b901d5ace9d1c4923cfc20.zarr,10,2292,2820,17.6,"wipe kitchen shelf with cloth, adjust cloth"
69b937964a18f0c8d9bf7b61,train,washing_dishes,full/human/mecka/94/69b937964a18f0c8d9bf7b61.zarr,0,0,780,26.0,rinse spoons
69b937964a18f0c8d9bf7b61,train,washing_dishes,full/human/mecka/94/69b937964a18f0c8d9bf7b61.zarr,1,780,1920,38.0,rinse spoons
69b937964a18f0c8d9bf7b61,train,washing_dishes,full/human/mecka/94/69b937964a18f0c8d9bf7b61.zarr,2,1920,2037,3.9,place spoons in container
69b967c2a8f5c8c8ef9bb24c,train,cleaning_laptops,full/human/mecka/fd/69b967c2a8f5c8c8ef9bb24c.zarr,0,0,360,12.0,wipe laptop screen with cloth
69b967c2a8f5c8c8ef9bb24c,train,cleaning_laptops,full/human/mecka/fd/69b967c2a8f5c8c8ef9bb24c.zarr,1,360,900,18.0,clean laptop keyboard with cloth
69b967c2a8f5c8c8ef9bb24c,train,cleaning_laptops,full/human/mecka/fd/69b967c2a8f5c8c8ef9bb24c.zarr,2,900,1650,25.0,wipe laptop lid with cloth
69b967c2a8f5c8c8ef9bb24c,train,cleaning_laptops,full/human/mecka/fd/69b967c2a8f5c8c8ef9bb24c.zarr,3,1650,1740,3.0,close laptop
69b967c2a8f5c8c8ef9bb24c,train,cleaning_laptops,full/human/mecka/fd/69b967c2a8f5c8c8ef9bb24c.zarr,4,1740,2370,21.0,wipe desk surface with cloth
69b967c2a8f5c8c8ef9bb24c,train,cleaning_laptops,full/human/mecka/fd/69b967c2a8f5c8c8ef9bb24c.zarr,5,2370,2484,3.8,place blue mousepad on desk
69b97ed5a5fa7432c21c957f,train,cleaning_stoves,full/human/mecka/00/69b97ed5a5fa7432c21c957f.zarr,0,0,108,3.6,fold cloth
69b97ed5a5fa7432c21c957f,train,cleaning_stoves,full/human/mecka/00/69b97ed5a5fa7432c21c957f.zarr,1,108,1110,33.4,wipe counter and cooker with cloth
69b97ed5a5fa7432c21c957f,train,cleaning_stoves,full/human/mecka/00/69b97ed5a5fa7432c21c957f.zarr,2,1110,1230,4.0,"place cloth on cooker, pick up burner from cooker"
69b97ed5a5fa7432c21c957f,train,cleaning_stoves,full/human/mecka/00/69b97ed5a5fa7432c21c957f.zarr,3,1230,1287,1.9,place burner on counter
69b97ed5a5fa7432c21c957f,train,cleaning_stoves,full/human/mecka/00/69b97ed5a5fa7432c21c957f.zarr,4,1287,1350,2.1,move packet on counter
69b97ed5a5fa7432c21c957f,train,cleaning_stoves,full/human/mecka/00/69b97ed5a5fa7432c21c957f.zarr,5,1350,1620,9.0,"remove burner cap from cooker, place burner cap on counter"
69b97ed5a5fa7432c21c957f,train,cleaning_stoves,full/human/mecka/00/69b97ed5a5fa7432c21c957f.zarr,6,1620,1800,6.0,"pick up burner ring from cooker, place burner ring on counter"
69b97ed5a5fa7432c21c957f,train,cleaning_stoves,full/human/mecka/00/69b97ed5a5fa7432c21c957f.zarr,7,1800,1890,3.0,move cloth on counter
69b97ed5a5fa7432c21c957f,train,cleaning_stoves,full/human/mecka/00/69b97ed5a5fa7432c21c957f.zarr,8,1890,2100,7.0,"remove white tissue from packet, place packet in bin"
69b97ed5a5fa7432c21c957f,train,cleaning_stoves,full/human/mecka/00/69b97ed5a5fa7432c21c957f.zarr,9,2100,2190,3.0,pick up white tissue
69b97ed5a5fa7432c21c957f,train,cleaning_stoves,full/human/mecka/00/69b97ed5a5fa7432c21c957f.zarr,10,2190,2817,20.9,"adjust white tissue, fold white tissue"
69b9833052dad08d449b0091,train,wiping_dishes,full/human/mecka/32/69b9833052dad08d449b0091.zarr,0,0,593,19.767,clean green plate with cloth
69b9833052dad08d449b0091,train,wiping_dishes,full/human/mecka/32/69b9833052dad08d449b0091.zarr,1,593,1782,39.633,clean cup with cloth
69b9833052dad08d449b0091,train,wiping_dishes,full/human/mecka/32/69b9833052dad08d449b0091.zarr,2,1782,2697,30.5,clean cup with cloth
69b9ca16192d2ab7670dc0c6,train,cutting_leather,full/human/mecka/2e/69b9ca16192d2ab7670dc0c6.zarr,0,0,150,5.0,adjust rubber strip on hand
69b9ca16192d2ab7670dc0c6,train,cutting_leather,full/human/mecka/2e/69b9ca16192d2ab7670dc0c6.zarr,1,150,720,19.0,"adjust rubber strip on hand, trim edges with scissors and place rubber strip on thigh"
69b9ca16192d2ab7670dc0c6,train,cutting_leather,full/human/mecka/2e/69b9ca16192d2ab7670dc0c6.zarr,2,720,1380,22.0,pick up rubber strips and trim ends of rubber strips
69b9ca16192d2ab7670dc0c6,train,cutting_leather,full/human/mecka/2e/69b9ca16192d2ab7670dc0c6.zarr,3,1380,1890,17.0,trim ends of black rubber strips and place it on thigh
69b9ca16192d2ab7670dc0c6,train,cutting_leather,full/human/mecka/2e/69b9ca16192d2ab7670dc0c6.zarr,4,1890,2430,18.0,trim ends of rubber strips with scissors
69b9ca16192d2ab7670dc0c6,train,cutting_leather,full/human/mecka/2e/69b9ca16192d2ab7670dc0c6.zarr,5,2430,2694,8.8,adjust rubber rubber strips and place it on thigh
